66,354.02,506,416,1,0,478,290,481,327,1
104,326.47,528,498,1,1,378,316,385,327,2
115,245.4,561,561,1,0,287,597,287,597,3
128,271.38,599,599,1,1,250,493,250,493,4
176,278.37,681,681,0,0,219,458,219,458,5
190,40.03,534,534,1,1,642,329,642,329,6
201,326.31,551,500,0,0,372,309,384,326,7
226,326.46,515,510,1,1,381,321,382,323,8
243,334.98,601,493,0,0,394,273,413,314,9
255,274.64,647,600,0,0,231,478,251,479,10
318,320.99,302,440,1,1,420,402,384,357,11
420,328.8,600,494,0,0,370,286,393,324,12
430,297.33,526,526,0,0,305,399,305,399,13
447,271.32,580,580,1,1,258,494,258,494,14
450,322.4,492,423,1,1,375,337,392,360,15
489,280.57,635,635,1,0,240,451,240,451,16
553,330.95,555,515,1,1,387,298,395,312,17
588,274.44,514,434,0,0,286,483,319,486,18
591,334.51,545,523,1,1,402,295,406,303,19
645,270.0,495,412,1,1,293,500,328,500,20
663,358.62,599,599,1,1,493,250,493,250,21
726,270.0,626,626,0,0,239,500,239,500,22
760,269.24,642,503,1,1,232,503,290,502,23
760,322.86,436,434,1,1,390,355,390,355,24
775,329.84,587,507,0,0,377,288,393,317,25
788,329.47,564,512,0,0,380,297,391,316,26
806,317.64,414,438,1,1,383,372,377,365,27
818,326.67,579,511,0,1,367,298,383,322,28
831,273.93,518,427,1,1,284,485,322,487,29
840,334.44,519,428,0,0,406,305,423,339,30
843,333.63,438,427,1,1,419,336,421,340,31
873,22.71,383,383,0,0,561,352,561,352,32
884,327.99,548,495,1,1,379,306,390,325,33
891,322.18,541,504,0,0,361,322,371,334,34
895,293.2,596,596,0,0,271,402,271,402,35
905,304.16,421,421,0,1,354,401,354,401,36
925,322.79,420,414,1,0,394,360,395,362,37
949,322.07,535,488,0,0,363,324,375,339,38
1056,20.28,534,534,0,0,577,291,577,291,39
1068,275.93,629,629,1,1,239,472,239,472,40
1136,325.53,608,472,1,1,356,291,388,338,41
1149,20.7,541,534,1,1,579,289,578,292,42
1230,287.1,607,607,1,1,258,425,258,425,43
1250,330.19,489,408,1,1,398,323,415,352,44
1251,327.34,555,491,0,0,375,305,389,327,45
1264,24.48,452,386,1,1,577,328,566,353,46
1265,326.19,431,408,1,1,400,350,405,358,47
1312,330.09,594,464,1,1,376,285,403,332,48
1338,24.81,517,470,1,1,590,304,582,322,49
1346,274.37,430,430,1,1,321,486,321,486,50
1355,328.6,566,477,0,0,377,298,396,330,51
1422,322.32,273,424,1,1,430,410,392,360,52
1430,344.78,435,435,1,1,452,325,452,325,53
1473,327.72,484,405,1,1,392,329,409,357,54
1474,322.56,410,412,0,0,396,364,395,363,55
1477,324.39,562,475,0,0,363,309,384,339,56
1526,323.86,491,407,1,1,379,334,400,363,57
1535,24.34,557,557,1,1,595,288,595,288,58
1559,323.9,464,406,1,1,386,343,400,363,59
1567,269.03,467,467,1,1,305,503,305,503,60
1567,274.64,647,647,1,1,231,478,231,478,61
1599,341.42,454,436,1,1,439,320,442,327,62
1621,325.93,355,401,0,0,417,377,406,361,63
1650,274.13,334,298,1,1,361,489,376,491,64
1685,322.28,547,461,1,1,360,319,382,348,65
1689,330.8,626,443,1,1,372,272,410,339,66
1715,329.86,499,471,1,1,395,320,401,330,67
1802,325.47,385,384,1,1,409,367,409,368,68
1849,293.47,600,600,1,0,270,400,270,400,69
1862,329.25,559,433,0,0,381,300,407,345,70
1870,325.3,546,432,1,1,370,313,397,352,71
1902,289.05,572,572,0,0,274,422,274,422,72
1908,109.25,425,425,0,1,667,558,667,558,73
1908,276.81,689,600,1,1,215,465,252,470,74
1949,276.75,551,464,1,1,272,473,308,477,75
1973,263.09,696,696,1,1,212,534,212,534,76
1995,329.13,501,452,1,1,392,321,403,338,77
2007,326.1,387,384,1,1,410,366,410,367,78
2038,273.14,562,562,0,0,266,487,266,487,79
2060,323.57,510,449,0,0,373,329,389,349,80
2127,305.07,476,476,1,0,337,386,337,386,81
2162,275.71,613,613,1,1,246,474,246,474,82
2171,291.67,595,479,0,0,269,408,314,426,83
2183,270.81,666,666,1,0,222,496,222,496,84
2184,321.89,394,383,1,1,398,370,401,374,85
2211,326.31,425,383,0,0,401,352,411,367,86
2215,276.14,371,348,1,1,346,483,355,484,87
2237,332.65,534,446,0,1,397,302,414,335,88
2258,305.89,551,501,1,1,314,365,331,377,89
2268,320.51,467,460,0,0,376,349,378,352,90
2272,242.88,558,558,1,0,293,605,293,605,91
2276,357.46,566,566,1,1,489,264,489,264,92
2276,355.35,566,566,0,1,480,265,480,265,93
2289,23.43,432,432,0,1,571,335,571,335,94
2289,266.33,625,425,1,1,240,516,323,511,95
2290,275.5,420,352,1,1,325,483,354,485,96
2291,269.17,679,434,1,1,217,504,319,502,97
2295,293.84,550,511,1,1,290,407,305,414,98
2299,292.77,577,519,1,1,278,407,300,416,99
2310,351.69,567,566,1,1,465,266,465,266,100
2410,28.1,425,425,1,0,583,343,583,343,101
2420,327.06,592,440,1,1,366,293,400,346,102
2428,25.97,434,432,0,0,579,337,578,338,103
2440,26.16,442,433,1,0,581,334,579,338,104
2442,358.07,571,567,1,0,491,262,492,264,105
2499,274.76,593,593,0,0,254,479,254,479,106
2500,326.89,416,387,1,1,405,354,412,365,107
2508,358.04,343,343,1,0,495,357,495,357,108
2526,328.63,542,451,1,1,382,307,402,339,109
2529,339.03,477,465,1,0,428,314,430,319,110
2544,347.68,571,571,1,0,449,267,449,267,111
2544,249.03,438,438,1,0,329,565,329,565,112
2551,304.18,534,534,0,0,316,375,316,375,113
2596,268.41,498,426,0,0,292,505,322,504,114
2601,277.18,461,388,1,1,309,476,339,479,115
2608,333.43,516,465,0,0,403,307,413,326,116
2612,244.5,660,443,1,0,252,618,333,579,117
2633,27.47,592,592,0,0,613,281,613,281,118
2654,334.69,605,449,1,1,392,272,420,331,119
2725,327.82,508,481,1,1,387,321,393,330,120
2733,27.87,286,286,1,1,555,394,555,394,121
2783,360.0,495,495,1,1,499,293,499,293,122
2824,293.27,495,495,1,1,310,418,310,418,123
2896,354.29,524,495,1,1,478,282,479,294,124
2899,324.4,528,484,1,1,372,321,382,336,125
2913,329.04,508,488,1,1,391,318,395,325,126
2931,360.0,590,502,1,1,499,254,499,291,127
2945,27.37,543,543,1,1,603,299,603,299,128
2979,330.95,555,478,0,0,387,298,403,326,129
3113,331.52,501,490,1,1,400,316,402,320,130
3147,322.27,504,498,0,0,371,334,373,336,131
3161,336.37,579,491,0,0,403,279,418,312,132
3183,242.63,543,543,1,0,299,603,299,603,133
3183,248.86,613,613,1,1,262,592,262,592,134
3216,352.82,461,461,1,0,476,309,476,309,135
3221,289.82,561,561,1,1,280,420,280,420,136
3222,357.32,439,364,1,0,491,317,492,348,137
3228,277.63,482,482,0,0,301,473,301,473,138
3246,24.39,603,603,1,0,603,271,603,271,139
3304,325.78,458,417,1,1,392,342,402,356,140
3306,243.65,469,398,1,0,325,586,351,573,141
3334,358.21,542,446,0,1,492,274,494,314,142
3362,352.23,572,465,1,1,467,264,473,308,143
3377,267.88,609,484,1,1,246,509,298,507,144
3418,351.96,554,486,0,1,467,271,471,299,145
3434,323.24,513,501,1,1,372,328,375,332,146
3453,334.32,474,416,1,1,414,322,424,343,147
3464,280.57,635,509,0,0,240,451,291,461,148
3472,268.05,576,533,0,0,260,508,278,507,149
3492,246.1,583,583,1,1,278,598,278,598,150
3499,307.28,489,489,1,1,338,376,338,376,151
3501,26.29,556,556,1,1,602,292,602,292,152
3584,358.57,615,501,0,0,493,244,494,291,153
3599,329.33,526,498,1,1,388,311,394,321,154
3633,325.95,424,420,1,1,401,353,402,355,155
3646,31.35,519,519,0,0,612,315,612,315,156
3736,354.16,574,523,0,1,475,262,477,283,157
3836,271.01,479,479,1,1,300,496,300,496,158
3840,328.57,593,491,1,1,371,289,393,325,159
3841,288.61,514,514,1,1,297,431,297,431,160
3859,350.86,575,533,1,1,461,263,464,280,161
3883,329.13,521,508,1,1,388,313,391,318,162
3894,322.06,367,423,1,1,406,379,391,361,163
3922,289.32,607,607,1,1,261,416,261,416,164
3923,31.01,304,304,1,0,565,391,565,391,165
3930,350.66,615,542,1,1,458,247,463,277,166
3933,241.48,509,509,0,0,313,601,313,601,167
3945,330.5,579,482,1,1,381,290,401,325,168
3947,353.43,358,330,1,1,482,351,484,363,169
4000,325.18,485,411,0,0,384,334,402,359,170
4056,355.24,593,404,0,1,479,254,486,332,171
4152,355.0,613,446,0,0,477,245,483,315,172
4155,323.89,507,498,1,1,375,329,377,332,173
4224,296.98,451,451,0,0,332,414,332,414,174
4227,4.62,529,529,0,1,517,280,517,280,175
4247,326.58,461,413,0,1,394,339,405,356,176
4278,245.46,522,522,0,0,302,590,302,590,177
4306,37.67,527,527,0,0,634,326,634,326,178
4319,240.72,639,524,0,0,267,630,309,606,179
4341,0.6,546,529,1,1,502,272,502,279,180
4393,0.64,567,533,1,0,502,264,502,278,181
4440,295.69,577,577,0,0,283,395,283,395,182
4494,290.41,559,559,0,0,281,418,281,418,183
4593,354.43,603,448,1,1,475,250,481,314,184
4621,91.68,519,519,0,1,715,506,715,506,185
4735,357.95,594,594,1,1,491,252,491,252,186
4837,242.47,615,615,0,0,272,618,272,618,187
4854,268.41,660,660,0,0,225,507,225,507,188
4913,354.29,613,613,0,1,474,246,474,246,189
4928,324.87,530,530,1,1,373,319,373,319,190
4929,283.28,561,478,1,1,272,446,306,454,191
4944,293.84,550,550,1,1,290,407,290,407,192
5009,355.79,545,459,1,1,483,273,485,309,193
5020,276.34,658,581,1,0,227,469,259,473,194
5040,248.2,611,611,1,1,263,594,263,594,195
5044,54.21,505,505,1,1,670,377,670,377,196
5083,270.0,648,596,1,0,230,500,251,500,197
5084,273.01,636,606,0,0,235,486,248,486,198
5206,350.07,609,609,1,1,456,250,456,250,199
5261,275.02,561,561,1,1,267,479,267,479,200
5305,90.66,580,580,1,0,741,502,741,502,201
5322,102.03,448,448,1,0,682,538,682,538,202
5353,322.93,482,482,1,1,379,339,379,339,203
5363,353.57,664,609,1,0,469,225,471,248,204
5386,329.47,564,564,1,1,380,297,380,297,205
5427,31.53,514,514,1,1,611,317,611,317,206
5450,322.62,564,484,0,0,357,313,377,339,207
5469,326.84,569,500,0,0,370,301,386,325,208
5496,78.55,612,612,0,1,749,449,749,449,209
5504,324.54,569,569,0,0,362,307,362,307,210
5586,36.18,424,424,1,1,604,357,604,357,211
5588,285.05,541,541,1,1,282,441,282,441,212
5631,356.55,599,599,1,1,485,251,485,251,213
5647,269.13,700,700,1,1,208,504,208,504,214
5692,329.53,532,532,1,1,387,309,387,309,215
5782,28.44,494,494,0,0,597,319,597,319,216
5808,325.98,540,540,0,0,374,313,374,313,217
5859,99.28,507,507,0,1,708,534,708,534,218
5890,298.02,451,451,1,1,334,411,334,411,219
6026,75.41,387,387,0,0,655,459,655,459,220
6067,36.47,477,477,1,1,618,340,618,340,221
6099,325.22,577,577,0,0,363,302,363,302,222
6142,272.18,508,508,1,1,288,491,288,491,223
6161,250.74,576,576,1,1,273,579,273,579,224
6161,273.32,679,510,1,0,217,483,288,487,225
6175,323.75,554,459,1,1,363,314,387,345,226
6282,332.9,539,446,0,0,397,300,415,334,227
6324,294.78,586,586,1,1,278,397,278,397,228
6372,333.21,474,474,0,1,411,323,411,323,229
6374,325.18,485,408,1,1,384,334,403,360,230
6410,273.41,594,594,1,1,253,485,253,485,231
6411,352.57,473,473,1,1,474,304,474,304,232
6412,326.06,446,375,1,1,396,345,412,370,233
6430,291.93,600,586,1,1,268,406,273,408,234
6476,322.95,314,283,1,1,421,395,429,405,235
6492,323.37,408,346,1,1,398,363,414,384,236
6506,243.98,552,552,0,0,293,600,293,600,237
6516,323.89,507,362,0,0,375,329,411,378,238
6520,330.95,481,390,1,1,402,324,421,358,239
6652,322.72,489,408,1,1,376,338,397,364,240
6654,254.96,677,677,0,0,227,573,227,573,241
6673,355.05,510,510,0,0,481,288,481,288,242
6706,323.38,420,353,1,0,395,359,412,382,243
6715,335.47,481,409,1,1,416,317,429,345,244
6739,357.72,386,386,1,0,493,339,493,339,245
6739,326.78,386,349,0,1,411,365,420,378,246
6762,320.12,515,402,1,1,362,335,392,371,247
6812,326.84,336,353,0,0,423,382,419,376,248
6817,360.0,605,512,1,1,499,248,499,286,249
6817,4.99,605,530,0,1,521,249,519,280,250
6831,29.1,488,488,0,0,598,322,598,322,251
6833,266.38,619,619,1,1,242,516,242,516,252
6843,332.08,481,419,1,1,406,323,418,345,253
6860,327.3,541,408,0,0,378,310,408,357,254
6954,324.59,519,423,0,0,374,323,397,356,255
6966,1.83,550,544,0,1,507,271,507,273,256
6971,325.27,561,417,0,0,366,308,401,357,257
6980,327.48,546,421,1,1,377,308,405,352,258
7043,321.15,556,418,1,1,354,319,390,364,259
7047,357.8,434,376,1,0,493,319,493,343,260
7091,328.31,545,421,0,0,380,306,407,350,261
7122,353.09,427,355,1,0,478,323,482,353,262
7140,327.14,423,366,1,1,404,352,417,372,263
7140,291.52,635,635,1,0,254,403,254,403,264
7154,322.67,524,524,0,0,367,326,367,326,265
7198,323.02,503,437,0,0,374,332,390,354,266
7261,263.61,470,470,1,1,305,521,305,521,267
7375,34.35,543,543,1,1,627,313,627,313,268
7532,246.4,484,484,0,0,315,580,315,580,269
7536,327.65,503,443,0,0,387,323,401,344,270
7592,332.61,552,436,1,1,394,295,416,338,271
7612,270.0,563,563,1,1,265,500,265,500,272
7666,326.6,495,495,0,0,386,327,386,327,273
7668,327.99,548,437,0,0,379,306,403,345,274
7710,245.22,586,586,1,1,278,602,278,602,275
7714,328.1,474,453,1,1,395,332,400,339,276
7738,321.71,538,439,0,0,361,324,386,356,277
7755,266.23,562,461,1,1,266,515,308,512,278
7786,322.43,431,379,0,0,390,357,403,374,279
7802,324.64,479,461,0,0,384,337,388,343,280
7839,8.88,537,537,1,1,534,279,534,279,281
7878,321.93,507,460,0,0,369,333,381,349,282
7890,324.85,461,384,1,1,389,343,407,369,283
7911,246.31,501,501,1,1,309,583,309,583,284
7932,280.89,618,562,1,0,247,451,270,455,285
7963,24.48,452,452,1,1,577,328,577,328,286
7971,328.84,524,456,0,0,387,313,401,337,287
8030,327.79,466,384,1,1,396,335,414,364,288
8123,275.92,503,503,1,1,291,478,291,478,289
8157,296.0,561,561,0,0,290,397,290,397,290
8158,328.47,514,458,0,1,388,317,400,337,291
8190,325.27,501,471,0,0,381,328,388,338,292
8203,324.71,494,477,0,0,381,332,385,337,293
8234,24.09,554,554,1,1,594,289,594,289,294
8240,327.19,565,461,1,1,372,302,396,338,295
8272,325.52,524,478,0,0,376,320,387,335,296
8278,290.25,492,416,1,1,307,429,337,440,297
8291,322.64,470,401,1,1,381,344,398,367,298
8304,26.71,342,342,1,1,563,372,563,372,299
8320,281.17,602,602,0,0,254,451,254,451,300
8324,30.38,423,346,1,1,589,348,572,375,301
8386,273.37,589,589,1,1,255,485,255,485,302
8422,29.05,380,359,0,0,576,361,572,369,303
8431,272.44,549,460,1,1,271,490,308,491,304
8438,359.35,576,576,1,1,497,260,497,260,305
8470,22.73,297,255,1,1,547,385,541,402,306
8474,358.15,554,554,1,1,492,269,492,269,307
8493,323.86,491,486,0,0,379,334,380,336,308
8515,21.57,556,322,1,1,585,284,549,375,309
8540,25.88,484,365,0,1,587,318,566,363,310
8567,273.97,659,659,1,1,226,480,226,480,311
8572,300.47,532,532,0,0,309,387,309,387,312
8586,327.33,494,485,0,0,388,326,391,330,313
8620,23.12,539,390,1,1,588,293,563,350,314
8625,326.31,523,482,1,1,379,318,388,333,315
8627,330.48,376,402,1,1,422,363,417,354,316
8635,23.85,512,418,0,0,586,305,570,340,317
8697,30.76,535,438,1,1,613,308,593,343,318
8705,324.69,395,389,1,1,404,365,406,367,319
8705,251.38,537,537,1,1,288,571,288,571,320
8730,246.97,581,581,0,0,277,594,277,594,321
8779,248.34,653,539,1,1,247,600,291,582,322
8780,248.33,623,561,0,0,258,595,282,586,323
8785,290.26,569,569,0,0,277,417,277,417,324
8791,24.4,465,455,1,1,579,323,578,327,325
8836,353.22,520,520,1,1,474,285,474,285,326
8861,27.42,389,344,1,1,574,356,565,372,327
8886,30.47,532,426,1,1,612,309,589,347,328
8890,245.8,536,446,0,0,296,591,330,576,329
8893,323.72,471,459,0,0,383,341,386,345,330
8931,30.05,467,439,0,0,597,331,591,341,331
8945,328.17,517,449,1,1,386,317,401,341,332
8955,15.56,605,410,0,0,567,257,545,335,333
8964,246.35,429,372,0,1,336,571,358,562,334
9007,327.16,432,381,1,0,402,348,413,366,335
9014,241.53,548,454,0,0,299,608,333,590,336
9026,23.43,534,425,0,0,588,296,570,337,337
9055,249.53,615,474,1,1,260,589,315,569,338
9083,333.11,617,428,0,0,383,270,419,341,339
9085,253.19,525,500,1,0,290,563,300,560,340
9122,323.53,477,452,1,1,381,340,388,348,341
9126,324.61,410,378,0,0,401,360,408,371,342
9127,267.03,631,631,1,1,237,513,237,513,343
9128,248.4,514,505,1,1,301,578,304,577,344
9134,246.09,504,414,0,0,308,585,342,569,345
9157,27.87,532,422,1,0,603,304,582,344,346
9190,327.62,537,444,0,0,380,311,401,343,347
9201,326.86,585,435,1,1,366,296,401,348,348
9216,250.79,674,468,0,0,235,592,316,564,349
9232,270.0,615,615,0,0,244,500,244,500,350
9234,320.63,523,448,1,1,361,331,381,355,351
9235,289.52,596,596,0,0,266,417,266,417,352
9253,323.13,461,378,1,1,384,346,405,374,353
9260,22.95,557,413,1,1,590,286,567,341,354
9266,247.69,593,491,0,0,271,593,310,577,355
9277,253.61,504,418,1,0,298,559,333,549,356
9278,242.45,627,483,0,0,268,620,321,592,357
9291,326.75,499,453,0,0,386,326,396,342,358
9346,251.41,472,421,1,1,313,562,333,555,359
9359,245.83,587,500,0,0,277,600,310,585,360
9402,253.57,608,502,0,0,257,571,299,559,361
9416,245.4,561,519,0,0,287,597,303,589,362
9416,253.44,630,511,0,0,248,574,296,560,363
9445,329.6,581,435,0,0,377,291,408,343,364
9457,328.72,446,383,1,1,403,341,417,363,365
9483,246.59,506,440,1,1,306,583,331,572,366
9484,249.81,658,505,0,0,242,594,302,572,367
9490,268.51,631,631,0,0,237,506,237,506,368
9506,325.87,495,461,1,1,384,329,392,341,369
9515,324.09,500,459,1,1,377,331,387,345,370
9525,246.4,434,446,0,0,334,572,329,574,371
9531,273.58,541,541,0,0,275,485,275,485,372
9532,242.37,459,436,1,1,330,588,339,584,373
9543,248.43,556,518,1,1,284,585,299,579,374
9587,244.95,466,428,1,1,324,582,338,575,375
9598,275.71,613,506,0,0,246,474,290,479,376
9686,243.68,513,419,0,0,308,594,343,577,377
9750,273.69,728,616,1,0,197,480,244,483,378
9752,282.77,632,519,1,0,243,441,289,452,379
9759,247.12,466,423,1,1,321,575,337,568,380
9759,249.02,625,485,1,0,257,593,311,572,381
9759,259.7,624,485,0,0,244,546,301,536,382
9775,326.69,596,439,0,0,363,292,399,347,383
9802,248.2,584,498,0,0,274,590,307,576,384
9802,325.58,311,397,0,0,426,393,406,363,385
9845,328.28,509,457,1,1,388,319,399,338,386
9884,320.93,493,467,1,1,370,340,377,349,387
9941,328.67,499,479,0,0,392,322,396,329,388
9944,28.95,500,500,0,0,600,317,600,317,389
10007,326.75,499,499,1,1,386,326,386,326,390
10012,326.18,460,398,0,0,393,340,407,362,391
10040,325.44,494,488,0,1,383,330,384,332,392
10041,292.04,564,564,1,1,282,411,282,411,393
10047,325.14,340,414,1,0,419,383,401,358,394
10071,252.12,706,469,0,0,220,590,314,559,395
10131,271.32,580,580,1,0,258,494,258,494,396
10131,265.06,608,608,1,1,247,521,247,521,397
10134,330.95,481,401,1,1,402,324,418,354,398
10135,295.89,477,407,0,0,321,413,347,426,399
10146,273.58,541,451,0,0,275,485,312,488,400
10155,31.45,364,364,1,1,579,370,579,370,401
10164,325.3,489,489,0,0,384,332,384,332,402
10192,250.92,481,423,0,0,310,565,333,557,403
10271,297.05,506,495,1,1,312,404,316,406,404
10289,353.55,473,473,1,0,477,304,477,304,405
10306,296.57,486,400,1,1,319,409,351,425,406
10328,325.91,462,400,1,1,392,340,406,362,407
10334,319.84,445,395,0,0,380,358,393,374,408
10337,292.8,544,489,1,1,291,412,312,421,409
10364,1.49,631,631,0,0,506,237,506,237,410
10376,323.35,377,377,0,1,406,374,406,374,411
10408,275.19,629,629,0,1,239,476,239,476,412
10423,324.71,494,478,0,0,381,332,385,337,413
10448,333.73,575,460,0,0,394,285,415,328,414
10450,252.29,447,419,1,0,322,556,333,553,415
10450,244.04,592,485,1,0,278,607,318,588,416
10462,325.58,432,399,0,0,398,351,406,362,417
10563,323.83,475,395,0,0,383,340,402,367,418
10579,324.18,462,396,0,0,387,344,403,366,419
10601,271.15,526,526,1,1,281,495,281,495,420
10623,293.2,503,503,0,0,307,417,307,417,421
10718,337.11,396,394,1,1,435,348,436,348,422
10719,290.25,492,492,1,1,307,429,307,429,423
10722,319.48,400,388,0,0,391,373,395,377,424
10737,294.32,478,397,0,0,318,418,349,431,425
10762,319.4,461,377,0,1,375,354,397,380,426
10799,328.06,526,440,0,0,384,314,403,344,427
10804,328.79,456,455,1,1,401,337,401,338,428
10804,323.79,413,377,0,0,398,361,407,373,429
10847,276.61,676,676,1,0,220,467,220,467,430
10851,330.52,429,429,1,0,412,344,412,344,431
10862,289.16,524,484,1,1,293,428,309,433,432
10905,329.83,528,439,1,1,389,309,408,342,433
10958,324.96,504,456,0,0,379,328,391,344,434
10979,333.43,601,449,0,0,388,276,416,332,435
11012,324.93,476,394,1,1,386,337,405,365,436
11012,291.17,384,334,1,1,350,442,370,449,437
11047,322.8,511,479,1,0,371,330,379,341,438
11075,325.35,601,459,0,0,357,294,391,342,439
11089,326.15,531,474,1,0,376,316,390,336,440
11110,288.14,455,407,1,1,320,441,339,447,441
11148,336.25,605,458,0,0,398,269,423,325,442
11163,323.94,479,398,1,1,382,338,402,366,443
11180,297.61,452,417,0,0,333,412,346,419,444
11230,329.04,578,471,0,0,376,293,399,331,445
11249,282.68,605,428,1,0,254,444,326,460,446
11294,291.85,297,273,0,0,385,453,394,457,447
11310,325.67,529,490,1,1,375,318,384,331,448
11322,296.39,392,333,0,0,353,427,375,438,449
11326,327.72,484,408,1,1,392,329,409,356,450
11335,335.67,444,412,0,0,423,331,429,343,451
11342,246.56,452,452,0,0,327,574,327,574,452
11347,273.37,589,589,1,0,255,485,255,485,453
11354,291.52,635,635,1,1,254,403,254,403,454
11358,286.82,568,469,1,1,273,431,313,443,455
11379,292.77,405,345,1,1,344,434,367,444,456
11432,290.74,491,347,1,1,308,427,364,448,457
11432,288.9,630,312,0,0,251,415,377,457,458
11461,295.1,579,322,1,1,281,397,378,443,459
11483,301.2,441,441,0,0,342,404,342,404,460
11507,294.81,517,334,0,0,304,409,373,441,461
11533,334.55,416,414,1,1,425,343,425,344,462
11572,250.63,420,420,1,1,335,557,335,557,463
11583,293.83,431,431,1,1,335,427,335,427,464
11583,294.09,554,554,0,0,289,405,289,405,465
11585,325.11,555,483,1,1,367,310,384,335,466
11609,327.09,522,497,0,0,381,317,387,326,467
11643,289.49,461,461,1,1,319,435,319,435,468
11657,349.77,653,653,1,1,451,232,451,232,469
11660,335.52,421,409,1,1,427,340,429,345,470
11693,292.76,378,378,1,1,354,439,354,439,471
11708,319.85,388,399,0,0,395,376,392,373,472
11726,297.39,552,327,1,1,295,394,379,437,473
11726,273.81,641,641,0,1,233,482,233,482,474
11740,325.82,365,386,0,0,414,374,409,367,475
11769,322.37,457,378,1,0,383,349,403,375,476
11775,339.15,567,481,1,1,415,279,428,312,477
11783,287.97,627,320,1,1,251,419,373,458,478
11792,292.48,446,364,0,0,328,429,359,442,479
11792,289.15,635,327,0,0,250,413,371,455,480
11803,287.59,585,337,0,0,267,426,366,457,481
11816,326.0,513,450,0,0,380,322,395,344,482
11818,320.53,429,381,1,0,386,362,399,377,483
11846,326.62,520,437,0,0,380,319,399,348,484
11858,299.27,511,352,0,0,314,396,372,428,485
11858,289.15,635,327,1,1,250,413,371,455,486
11880,330.0,485,442,0,0,399,325,408,340,487
11894,270.0,626,626,0,1,239,500,239,500,488
11898,321.22,402,402,1,1,395,369,395,369,489
11932,295.2,550,344,0,0,292,402,370,439,490
11972,297.1,539,356,0,0,300,397,368,432,491
11978,324.11,551,433,0,0,365,314,394,353,492
11993,298.66,588,352,1,1,285,382,371,429,493
12010,328.8,600,433,0,1,370,286,406,345,494
12023,294.84,337,322,1,1,372,441,378,443,495
12033,331.81,491,457,1,1,403,319,410,332,496
12054,241.65,583,583,1,1,286,615,286,615,497
12057,329.5,591,435,1,1,375,288,408,343,498
12085,323.13,491,457,1,1,377,336,385,347,499
12131,283.5,630,630,0,1,245,438,245,438,500
12136,242.33,556,556,0,0,295,607,295,607,501
12158,327.26,389,389,1,1,412,363,412,363,502
12169,290.56,365,365,1,1,357,446,357,446,503
12245,326.65,547,451,0,0,374,309,396,343,504
12256,323.13,447,386,1,1,388,351,403,371,505
12292,327.44,532,460,1,1,380,313,396,338,506
12293,292.4,369,369,1,1,357,441,357,441,507
12355,327.24,417,389,0,0,406,354,412,363,508
12358,291.89,475,475,0,0,316,426,316,426,509
12413,290.72,357,357,0,0,361,447,361,447,510
12427,325.22,342,342,1,1,418,383,418,383,511
12428,288.66,608,608,1,0,260,419,260,419,512
12463,294.26,626,626,0,0,262,392,262,392,513
12491,327.12,535,351,1,1,379,312,420,377,514
12493,294.41,404,404,1,1,346,430,346,430,515
12497,353.16,445,445,1,1,477,316,477,316,516
12502,330.0,605,334,0,0,374,281,430,379,517
12532,323.89,507,355,0,0,375,329,412,380,518
12572,294.93,445,445,0,0,332,421,332,421,519
12587,273.18,660,660,1,0,225,484,225,484,520
12606,274.24,609,609,1,0,247,481,247,481,521
12612,326.45,479,363,0,0,389,333,416,374,522
12642,350.88,362,312,1,1,476,351,479,371,523
12660,292.41,508,447,1,1,304,419,327,429,524
12758,287.66,292,270,0,0,384,463,392,465,525
12765,326.13,576,344,1,1,366,300,420,381,526
12785,273.95,579,579,1,0,259,483,259,483,527
12794,291.53,315,260,1,1,378,451,399,460,528
12800,293.29,361,320,1,1,361,440,377,447,529
12803,330.09,594,341,1,1,376,285,429,376,530
12851,288.72,320,263,1,1,373,457,396,464,531
12857,324.14,448,369,0,0,390,348,410,375,532
12893,246.74,449,449,1,1,328,573,328,573,533
12925,286.19,538,538,1,1,284,437,284,437,534
12930,289.86,318,261,0,0,375,455,397,463,535
12931,289.98,409,324,0,0,340,441,373,453,536
12953,323.97,545,356,0,0,366,316,412,380,537
12967,296.99,457,343,1,1,330,413,372,435,538
12979,7.7,485,485,1,0,527,299,527,299,539
13006,269.22,654,654,1,1,227,503,227,503,540
13026,334.65,594,594,1,1,394,276,394,276,541
13030,287.9,523,368,0,0,292,433,354,452,542
13049,248.31,547,452,0,0,288,584,325,569,543
13091,281.46,640,527,1,1,238,447,285,456,544
13118,91.09,508,508,0,1,711,504,711,504,545
13120,275.88,684,642,1,0,216,470,234,472,546
13159,3.54,481,481,1,1,512,300,512,300,547
13186,293.76,345,289,1,1,368,442,389,451,548
13246,90.0,558,558,1,0,732,500,732,500,549
13282,92.73,444,444,0,1,684,508,684,508,550
13299,295.71,389,356,0,0,354,429,366,435,551
13399,279.09,637,637,1,1,238,458,238,458,552
13400,247.75,665,665,1,0,243,604,243,604,553
13408,248.32,570,570,0,0,279,587,279,587,554
13416,245.98,524,455,0,0,300,588,327,577,555
13427,295.64,413,352,1,1,345,425,367,436,556
13444,255.96,582,552,0,0,264,558,277,555,557
13460,293.5,525,331,0,0,299,412,373,445,558
13465,288.9,469,341,1,1,315,436,365,454,559
13493,90.48,464,464,0,1,693,501,693,501,560
13516,249.55,444,444,0,0,326,564,326,564,561
13532,251.91,504,504,1,1,300,565,300,565,562
13542,330.52,619,619,1,1,373,275,373,275,563
13543,294.73,534,534,0,0,298,406,298,406,564
13610,278.33,600,600,1,0,252,463,252,463,565
13610,277.37,586,586,1,0,258,468,258,468,566
13621,296.27,586,328,0,0,281,392,377,439,567
13622,256.64,603,603,1,1,255,557,255,557,568
13636,94.76,400,340,0,1,665,513,641,511,569
13678,326.19,431,388,1,1,400,350,410,365,570
13680,252.01,610,610,0,0,258,578,258,578,571
13722,290.11,639,322,1,0,250,408,374,453,572
13738,292.99,499,352,1,1,308,418,365,442,573
13739,293.81,646,329,0,0,253,391,374,444,574
13785,96.74,489,415,0,1,702,523,671,520,575
13788,323.24,496,469,1,1,376,334,383,343,576
13804,291.04,597,338,1,0,268,410,368,449,577
13818,326.71,465,383,0,0,393,338,412,366,578
13845,322.13,517,468,0,1,367,330,380,346,579
13855,290.75,520,353,0,0,297,423,362,447,580
13860,311.59,464,464,0,0,355,371,355,371,581
13876,252.2,589,589,1,1,266,574,266,574,582
13932,4.94,608,608,0,1,521,247,521,247,583
13939,329.5,591,479,0,0,375,288,398,328,584
13940,96.56,578,432,0,1,739,527,678,520,585
13948,294.92,494,358,1,1,313,413,364,437,586
13963,275.19,629,629,0,0,239,476,239,476,587
14011,291.31,500,366,0,0,306,424,358,444,588
14013,294.49,530,365,0,1,299,408,361,437,589
14066,360.0,534,451,0,1,499,277,499,312,590
14075,248.51,522,522,1,1,297,579,297,579,591
14088,96.41,569,461,0,1,735,526,690,521,592
14107,291.4,618,354,0,0,260,406,362,446,593
14132,292.53,520,380,1,1,300,417,353,439,594
14151,324.52,450,450,1,1,391,347,391,347,595
14157,293.63,579,579,1,1,279,403,279,403,596
14168,76.78,382,331,1,0,654,463,634,468,597
14172,92.44,549,407,1,0,728,509,669,507,598
14198,337.27,614,454,1,1,401,264,426,325,599
14236,277.02,703,703,1,0,209,464,209,464,600
14238,321.84,502,483,1,0,370,335,375,341,601
14239,320.99,520,487,0,1,363,331,372,342,602
14239,329.42,633,495,1,1,365,273,395,322,603
14262,286.26,447,395,0,0,321,447,342,453,604
14269,32.32,267,267,0,0,559,406,559,406,605
14273,306.66,501,384,0,0,332,375,371,404,606
14283,293.96,532,378,1,1,297,410,356,436,607
14283,294.02,524,380,0,0,300,411,355,435,608
14299,95.95,399,333,0,1,665,517,637,514,609
14329,255.2,492,492,0,0,301,552,301,552,610
14343,297.47,592,371,1,1,281,386,362,428,611
14391,321.14,337,310,1,1,411,390,419,399,612
14454,299.95,504,398,1,1,318,395,356,417,613
14470,326.02,488,379,0,1,386,331,411,369,614
14501,297.85,461,413,1,1,330,410,347,419,615
14527,247.89,679,679,1,0,238,606,238,606,616
14545,267.51,679,679,0,1,217,512,217,512,617
14572,71.57,443,443,0,1,674,441,674,441,618
14594,293.88,403,347,1,1,346,432,367,441,619
14610,271.59,660,545,1,0,225,492,273,493,620
14628,304.44,441,418,1,1,348,396,356,401,621
14631,291.7,526,400,1,1,296,419,345,438,622
14661,295.37,500,412,0,0,311,410,345,426,623
14661,292.53,520,414,1,1,300,417,340,433,624
14674,26.18,425,425,0,0,578,341,578,341,625
14695,293.7,569,569,0,0,283,404,283,404,626
14695,293.1,649,388,0,0,251,394,351,436,627
14772,321.44,575,575,1,1,350,312,350,312,628
14781,281.89,471,471,0,1,308,459,308,459,629
14801,94.4,561,561,0,1,732,517,732,517,630
14861,327.06,592,575,1,1,366,293,369,299,631
14870,325.75,350,329,0,0,418,379,422,386,632
14881,297.98,399,356,0,0,353,422,369,430,633
14882,285.36,548,406,0,0,280,439,337,455,634
14901,290.38,644,386,1,1,248,406,349,444,635
14904,32.04,346,346,1,1,576,377,576,377,636
14906,283.9,527,527,0,1,287,447,287,447,637
14946,289.88,414,355,1,1,337,441,361,449,638
14990,284.79,436,431,1,0,324,453,326,454,639
14991,280.3,569,406,1,1,266,457,333,469,640
14999,292.29,498,422,0,0,308,421,337,433,641
15029,319.71,459,398,0,0,376,354,392,373,642
15069,291.93,358,360,1,1,361,444,360,444,643
15081,297.65,405,356,0,0,350,421,368,431,644
15120,95.27,433,433,0,1,679,516,679,516,645
15143,284.93,378,378,1,0,347,459,347,459,646
15152,288.97,521,412,0,0,294,429,337,444,647
15164,296.84,554,406,0,0,294,395,349,423,648
15180,323.04,443,410,0,0,389,352,397,363,649
15193,332.1,631,422,1,1,377,267,417,344,650
15198,327.57,524,460,1,1,383,315,397,338,651
15199,294.66,498,417,1,1,311,413,342,427,652
15208,273.14,654,382,0,1,228,485,341,491,653
15223,272.78,515,408,1,1,285,489,330,491,654
15299,284.19,568,412,1,1,270,442,333,457,655
15302,297.9,474,431,1,1,325,407,341,416,656
15304,288.54,336,369,1,1,367,455,354,451,657
15304,291.12,407,363,0,0,341,438,359,445,658
15311,324.59,519,473,1,1,374,323,385,339,659
15315,293.36,419,360,1,1,339,430,362,440,660
15335,323.89,507,482,1,1,375,329,381,337,661
15347,328.37,395,341,1,1,413,360,425,379,662
15388,295.95,445,439,1,0,333,418,335,420,663
15415,330.88,565,418,0,0,385,294,415,347,664
15447,292.62,470,440,0,0,319,424,330,429,665
15493,286.88,554,427,0,0,279,433,329,448,666
15493,330.33,563,434,0,0,384,296,410,343,667
15513,300.43,555,555,1,1,300,382,300,382,668
15561,292.77,457,457,1,1,324,426,324,426,669
15576,286.16,487,442,0,0,305,443,323,448,670
15609,296.57,524,435,0,1,304,402,338,419,671
15615,269.25,637,637,0,1,234,503,234,503,672
15628,293.63,317,299,0,0,379,447,385,450,673
15731,296.04,534,367,1,1,300,402,362,432,674
15767,296.76,426,396,1,1,341,420,352,425,675
15792,331.78,554,436,0,0,390,296,414,340,676
15799,296.8,496,404,1,1,315,406,349,424,677
15840,327.89,488,450,0,1,392,327,400,341,678
15845,9.81,604,604,1,1,542,252,542,252,679
15923,296.57,500,422,0,0,313,406,342,421,680
15960,288.54,346,300,0,0,363,454,381,460,681
16006,296.22,394,366,0,0,352,427,363,432,682
16057,291.73,391,371,0,0,348,439,356,442,683
16057,292.87,412,397,1,1,341,433,347,435,684
16070,292.38,359,323,1,1,361,443,375,448,685
16070,295.54,527,364,0,0,302,405,363,434,686
16084,300.85,355,323,1,1,373,424,384,431,687
16162,295.56,440,381,1,1,334,420,356,431,688
16180,296.28,331,320,1,1,376,438,380,441,689
16220,83.45,453,453,1,0,687,478,687,478,690
16231,301.43,393,383,1,0,360,414,363,416,691
16264,295.2,483,365,1,1,318,414,362,435,692
16272,289.9,451,374,1,1,323,436,353,447,693
16272,292.52,572,350,1,1,280,408,365,444,694
16273,288.78,506,363,1,1,300,432,356,451,695
16281,298.66,534,359,1,1,304,393,368,428,696
16330,323.94,479,479,0,0,382,338,382,338,697
16339,325.69,516,516,0,0,378,322,378,322,698
16350,293.36,402,384,0,0,346,433,353,436,699
16362,297.7,420,389,1,1,345,418,356,424,700
16397,296.17,436,389,1,1,337,419,354,428,701
16397,300.52,490,380,1,1,324,396,363,419,702
16404,325.94,433,363,1,1,399,350,415,374,703
16431,294.44,539,375,1,1,295,407,357,435,704
16440,294.75,378,332,1,1,357,434,374,442,705
16448,299.19,441,394,0,0,339,410,356,420,706
16461,292.87,248,344,0,0,404,459,368,444,707
16466,2.57,571,571,1,0,510,262,510,262,708
16467,319.18,472,443,1,1,371,351,379,360,709
16491,280.86,523,523,1,0,286,458,286,458,710
16523,294.82,575,372,1,0,282,399,359,434,711
16531,298.36,306,333,1,1,387,439,378,434,712
16539,294.78,586,358,1,1,278,397,364,437,713
16548,329.04,530,450,1,1,386,310,403,339,714
16575,291.97,453,383,1,1,325,429,352,440,715
16602,296.23,385,325,1,1,356,429,378,440,716
16611,296.03,543,366,1,1,296,400,363,433,717
16619,327.4,519,466,1,1,383,318,395,336,718
16645,298.89,529,368,0,0,307,393,365,426,719
16649,322.65,543,477,0,0,362,320,379,342,720
16668,283.5,630,630,1,0,245,438,245,438,721
16672,292.57,598,352,0,0,270,404,364,443,722
16684,293.63,411,400,1,1,343,431,347,433,723
16704,295.64,599,363,1,1,275,392,363,434,724
16705,293.89,382,329,1,1,354,435,374,444,725
16709,295.23,541,372,1,1,296,404,359,433,726
16709,299.74,539,373,0,0,305,388,365,422,727
16755,302.93,509,378,1,1,322,384,367,414,728
16770,72.28,639,639,0,0,753,419,753,419,729
16785,298.65,452,393,1,1,334,409,356,421,730
16786,297.06,381,331,1,1,358,427,377,437,731
16811,299.21,344,327,1,1,375,430,381,433,732
16821,274.83,665,630,1,0,224,476,238,477,733
16821,302.47,561,362,1,0,302,374,372,419,734
16837,259.63,598,598,0,0,255,544,255,544,735
16849,295.23,476,476,1,1,320,415,320,415,736
16864,277.33,669,637,0,1,223,464,237,466,737
16881,296.38,411,392,0,0,346,423,353,427,738
16893,324.97,465,465,1,0,388,341,388,341,739
16920,297.6,347,329,1,1,372,433,378,436,740
16920,297.23,473,380,1,1,324,409,359,427,741
16944,295.45,416,389,1,1,343,425,353,430,742
16958,294.3,519,371,1,1,303,411,359,436,743
16979,357.14,526,526,1,0,489,281,489,281,744
17002,301.5,283,327,1,1,399,438,383,428,745
17064,298.66,350,315,1,1,372,430,384,437,746
17099,297.79,596,339,1,1,280,384,375,434,747
17109,294.52,446,368,1,1,331,422,360,436,748
17111,296.83,536,350,0,0,300,399,369,434,749
17114,254.36,626,626,1,0,249,570,249,570,750
17131,324.52,502,502,1,0,378,329,378,329,751
17166,296.79,481,356,1,1,321,409,367,433,752
17179,321.42,479,479,0,0,375,344,375,344,753
17189,294.85,509,346,0,0,307,410,369,439,754
17197,273.49,604,604,0,1,249,484,249,484,755
17199,294.44,458,365,1,1,326,421,361,437,756
17200,296.11,480,365,1,1,320,412,363,433,757
17228,294.68,607,340,0,0,270,394,371,440,758
17242,298.2,624,337,1,0,271,377,376,433,759
17279,332.93,522,502,1,1,401,306,404,313,760
17280,298.78,281,324,1,1,397,443,381,435,761
17284,242.42,639,626,0,0,264,623,269,620,762
17373,291.5,503,367,1,1,305,423,357,444,763
17373,295.18,436,389,1,1,335,422,353,431,764
17375,247.62,559,471,0,0,284,588,318,574,765
17383,328.91,618,508,1,0,367,279,390,318,766
17389,323.33,484,405,1,1,379,338,399,364,767
17421,323.3,428,363,1,1,393,357,409,378,768
17435,294.23,577,368,1,1,280,401,360,437,769
17457,299.51,456,401,1,1,334,406,354,417,770
17468,321.42,500,443,1,1,370,337,385,355,771
17495,246.99,619,573,0,0,262,600,280,593,772
17514,296.57,355,341,1,1,367,433,373,436,773
17514,298.04,511,390,0,0,312,400,356,423,774
17514,293.36,542,384,1,0,292,410,353,436,775
17514,298.44,605,372,0,0,278,380,363,426,776
17530,298.1,470,400,0,0,327,407,353,421,777
17567,299.12,565,378,0,0,294,385,362,423,778
17584,293.7,569,387,1,0,283,404,352,435,779
17584,303.56,447,412,0,0,344,397,357,405,780
17584,298.24,454,410,1,1,333,410,349,419,781
17585,323.33,484,454,0,0,379,338,387,348,782
17623,322.92,499,460,1,1,374,334,384,347,783
17631,297.35,534,394,1,1,302,397,354,424,784
17639,295.95,296,342,1,1,389,446,371,437,785
17643,250.8,549,456,1,1,284,575,320,562,786
17643,322.19,395,337,0,0,399,370,414,389,787
17643,323.69,515,413,0,0,373,327,398,361,788
17670,292.23,525,380,1,0,297,417,353,440,789
17694,296.96,311,327,1,1,384,441,378,438,790
17694,299.21,503,360,1,0,317,397,369,426,791
17694,298.66,534,354,0,0,304,393,370,429,792
17749,283.88,560,560,1,1,273,444,273,444,793
17768,297.35,534,354,1,1,302,397,369,432,794
17785,329.96,542,418,1,1,387,304,412,349,795
17793,255.07,553,454,1,1,277,559,317,548,796
17804,300.4,581,345,0,0,291,377,376,427,797
17809,288.2,632,342,1,0,250,417,364,455,798
17826,297.99,445,374,1,1,336,413,362,426,799
17826,299.38,418,387,1,1,348,414,359,420,800
17826,294.03,563,358,1,1,285,404,363,439,801
17833,323.44,489,422,1,1,378,336,395,358,802
17834,323.71,534,413,0,0,368,320,398,361,803
17863,274.17,541,541,1,0,275,483,275,483,804
17881,297.92,428,386,1,1,342,416,358,424,805
17885,256.29,593,554,1,0,260,558,275,554,806
17895,290.18,448,382,1,1,324,435,350,445,807
17930,322.93,482,424,1,1,379,339,393,359,808
17930,321.15,556,408,0,0,354,319,393,367,809
17954,299.4,607,350,1,0,279,375,373,428,810
17992,321.58,327,354,1,1,415,393,408,384,811
17997,325.84,521,408,0,0,378,320,404,359,812
18012,293.34,514,372,1,0,303,415,357,438,813
18012,302.7,482,381,1,0,331,391,366,414,814
18019,296.77,455,390,1,1,330,414,355,426,815
18047,259.29,641,562,1,0,237,549,270,543,816
18079,281.77,651,651,1,0,234,444,234,444,817
18144,326.31,417,346,1,1,403,355,420,380,818
18151,273.37,589,589,1,0,255,485,255,485,819
18153,292.71,553,376,0,0,287,411,355,439,820
18156,247.98,542,451,1,1,290,584,325,570,821
18188,321.67,492,403,1,0,372,339,395,368,822
18189,326.68,436,414,0,0,400,348,405,356,823
18245,279.37,533,458,0,1,281,463,311,468,824
18301,297.41,561,374,1,0,292,392,361,428,825
18320,296.09,502,386,1,0,312,408,355,429,826
18329,280.93,569,556,1,0,267,455,272,456,827
18361,355.65,557,557,0,1,482,268,482,268,828
18388,278.81,661,661,1,0,228,457,228,457,829
18403,297.82,455,395,1,1,332,411,354,423,830
18479,296.57,516,392,0,0,307,403,354,427,831
18501,293.96,532,399,0,0,297,410,348,432,832
18515,285.83,675,378,0,1,229,423,348,457,833
18535,284.04,474,427,1,0,308,452,327,456,834
18539,300.07,577,406,0,1,292,379,353,415,835
18569,303.16,569,407,0,1,301,370,358,407,836
18631,298.52,509,420,0,0,313,398,346,416,837
18646,278.88,537,537,0,1,279,465,279,465,838
18661,306.73,597,597,1,0,300,351,300,351,839
18698,324.92,516,516,0,0,376,324,376,324,840
18722,277.8,650,538,1,0,231,463,278,469,841
18756,296.87,594,407,0,0,279,388,348,423,842
18776,302.21,466,438,0,0,335,396,345,402,843
18776,300.96,530,430,1,1,310,386,346,407,844
18781,325.3,546,546,1,1,370,313,370,313,845
18794,276.93,645,560,0,1,233,467,268,471,846
18881,290.9,340,368,1,1,367,449,356,445,847
18943,295.06,590,406,0,0,277,395,346,428,848
18954,249.29,577,577,1,0,275,584,275,584,849
18991,302.56,532,418,1,1,313,380,353,406,850
19119,300.0,485,428,1,1,325,399,345,410,851
19142,320.95,473,473,1,1,375,347,375,347,852
19147,322.21,450,450,1,1,385,351,385,351,853
19162,296.86,584,407,1,1,283,390,348,423,854
19285,286.26,642,398,0,1,243,425,340,453,855
19298,302.33,552,421,0,0,305,377,351,406,856
19315,317.12,477,473,0,1,364,354,366,355,857
19344,322.64,470,386,1,0,381,344,402,372,858
19346,320.74,461,379,1,1,378,351,400,377,859
19542,323.01,540,540,0,1,364,320,364,320,860
19562,301.3,582,582,0,0,293,374,293,374,861
19570,252.58,502,502,1,1,300,562,300,562,862
19631,289.65,646,421,1,0,246,409,334,441,863
19654,323.13,447,383,0,0,388,351,404,372,864
19666,309.95,510,467,0,1,337,363,350,375,865
19697,297.9,541,444,0,1,300,394,336,413,866
19697,285.95,655,419,0,1,237,425,332,452,867
19698,300.88,448,379,1,1,339,404,364,419,868
19698,301.93,382,381,1,1,365,415,365,416,869
19699,324.78,512,475,1,1,377,325,385,338,870
19778,322.19,395,340,1,0,399,370,413,388,871
19811,280.86,646,646,1,0,235,449,235,449,872
19833,283.32,625,625,1,0,246,440,246,440,873
19860,303.69,523,443,1,1,318,379,346,397,874
19876,301.41,487,452,1,0,326,394,339,401,875
19878,282.93,413,381,1,1,332,461,345,464,876
19905,295.02,601,428,1,1,273,394,338,424,877
19919,279.19,680,464,0,1,220,454,309,469,878
19925,321.81,544,417,1,1,359,322,392,363,879
19932,304.03,554,437,0,1,308,370,349,398,880
19978,282.4,312,291,1,1,373,472,381,473,881
19981,275.4,646,362,0,1,232,474,349,485,882
20018,281.09,512,413,1,1,290,458,331,466,883
20038,299.68,475,454,1,0,328,402,335,406,884
20056,328.39,560,442,0,0,377,301,403,343,885
20113,283.1,463,431,1,1,312,456,325,459,886
20208,300.02,512,447,1,1,315,393,338,406,887
20224,298.3,514,463,0,0,311,398,330,408,888
20228,274.51,635,442,1,0,236,479,316,485,889
20228,271.43,615,479,0,0,244,493,300,495,890
20270,292.65,387,387,0,0,351,437,351,437,891
20272,297.6,529,450,1,1,304,397,333,413,892
20360,244.34,481,481,1,1,319,586,319,586,893
20391,262.17,366,366,1,1,349,520,349,520,894
20396,296.14,460,380,1,1,328,415,358,430,895
20421,254.74,562,483,1,1,274,561,306,552,896
20435,280.18,619,619,1,0,246,454,246,454,897
20439,323.57,510,510,0,0,373,329,373,329,898
20495,326.45,490,490,0,0,387,330,387,330,899
20524,299.74,417,384,1,1,349,413,361,420,900
20583,23.11,571,571,0,0,593,281,593,281,901
20593,299.05,555,443,0,0,298,387,338,410,902
20640,322.13,517,517,1,0,367,330,367,330,903
20662,278.34,638,638,0,1,237,461,237,461,904
20688,268.74,562,562,1,0,266,505,266,505,905
20717,252.61,513,513,1,1,296,563,296,563,906
20719,325.39,457,385,1,1,391,343,408,368,907
20739,347.58,486,486,0,0,456,302,456,302,908
20778,308.13,525,449,1,0,328,365,352,384,909
20816,280.11,517,446,0,0,288,462,317,467,910
20856,251.03,521,513,1,1,294,570,298,569,911
20861,280.23,653,542,1,0,232,451,277,459,912
20887,301.3,582,435,1,0,293,374,345,405,913
20891,299.0,546,453,1,1,301,389,335,408,914
20908,250.64,623,516,1,1,255,585,297,571,915
20914,288.21,615,439,0,0,256,420,326,442,916
20934,251.57,573,537,1,1,273,575,287,570,917
20985,295.88,391,387,1,1,353,428,355,429,918
20994,251.34,608,544,0,0,260,580,285,572,919
21102,249.62,644,557,0,0,248,593,282,580,920
21104,256.31,613,574,1,0,252,560,267,556,921
21133,322.94,453,453,1,1,386,349,386,349,922
21149,285.2,595,595,1,0,260,435,260,435,923
21174,251.57,510,510,1,1,298,567,298,567,924
21237,246.87,485,485,1,1,314,579,314,579,925
21238,286.35,625,595,1,1,250,426,262,430,926
21316,322.5,497,497,0,0,374,335,374,335,927
21317,247.64,424,424,1,1,336,567,336,567,928
21329,324.92,516,497,1,1,376,324,381,330,929
21400,249.19,501,501,1,1,305,574,305,574,930
21501,239.82,481,481,1,1,326,600,326,600,931
21523,246.56,377,377,1,1,356,562,356,562,932
21571,240.26,539,539,1,1,305,611,305,611,933
21596,297.93,550,550,0,0,297,392,297,392,934
21614,286.05,637,637,1,1,245,426,245,426,935
21641,275.51,598,598,0,0,252,476,252,476,936
21691,159.78,610,610,1,0,587,738,587,738,937
21697,280.57,635,521,0,0,240,451,286,460,938
21718,318.97,519,519,0,0,358,337,358,337,939
21721,284.21,607,607,1,0,255,437,255,437,940
21767,294.53,362,331,1,0,362,437,374,442,941
21773,296.01,412,400,0,0,345,424,350,426,942
21789,274.17,541,454,1,1,275,483,311,486,943
21793,311.3,532,519,1,1,333,353,337,357,944
21811,6.91,527,527,1,1,526,282,526,282,945
21840,300.0,485,405,1,1,325,399,354,415,946
21872,284.04,602,424,0,0,256,439,328,457,947
21880,291.49,522,457,1,1,297,420,322,430,948
21893,296.57,465,382,1,1,326,413,357,428,949
21893,296.79,474,466,1,1,323,411,326,412,950
21915,280.71,641,641,0,1,237,450,237,450,951
21961,4.65,451,384,1,0,515,312,512,340,952
21976,301.88,539,469,1,0,309,381,334,396,953
22016,278.64,615,615,1,0,246,461,246,461,954
22047,295.2,430,430,1,1,338,423,338,423,955
22052,303.89,611,484,0,1,288,358,332,387,956
22099,1.01,479,467,1,1,503,300,503,305,957
22103,268.64,595,491,0,0,252,505,295,504,958
22115,293.45,565,463,0,0,284,406,323,423,959
22133,271.26,562,468,1,1,266,494,305,495,960
22168,296.8,488,498,1,1,318,408,314,406,961
22190,276.28,524,438,0,0,283,476,318,480,962
22198,360.0,488,469,1,0,499,296,499,304,963
22206,294.66,343,420,0,0,370,440,341,427,964
22270,358.57,615,476,1,1,493,244,495,301,965
22320,295.2,388,416,1,1,353,431,343,426,966
22344,270.0,580,534,1,1,258,500,277,500,967
22379,295.84,506,494,1,1,310,408,314,410,968
22383,297.95,488,410,1,0,320,404,349,420,969
22420,293.96,497,410,1,1,310,415,344,430,970
22470,296.1,494,405,1,1,315,409,348,425,971
22487,245.27,596,596,1,1,274,603,274,603,972
22548,303.5,589,482,1,1,295,364,332,389,973
22552,286.64,563,488,0,1,275,432,305,441,974
22567,3.09,488,488,1,0,510,297,510,297,975
22571,244.46,527,527,1,1,302,594,302,594,976
22577,297.51,497,412,1,1,316,404,347,420,977
22577,298.5,617,476,1,1,274,377,325,405,978
22620,275.19,574,574,1,1,262,478,262,478,979
22629,296.57,465,413,0,0,326,413,346,423,980
22659,296.22,394,409,0,0,352,427,347,424,981
22715,243.87,466,466,1,1,325,585,325,585,982
22715,239.88,551,551,1,1,301,615,301,615,983
22798,297.2,610,467,1,1,274,383,327,411,984
22810,282.38,595,595,0,0,258,446,258,446,985
22865,298.11,527,527,0,0,306,396,306,396,986
22868,250.35,646,470,0,0,246,590,315,565,987
22874,68.68,576,576,1,0,723,412,723,412,988
22876,279.46,589,484,1,1,258,459,301,466,989
22899,272.83,609,590,0,0,246,487,254,487,990
22936,244.98,529,503,1,1,300,593,310,588,991
22947,3.33,515,515,1,1,512,285,512,285,992
22996,254.96,677,510,0,0,227,573,294,555,993
23004,297.26,487,398,1,1,319,407,352,424,994
23031,293.96,532,476,1,1,297,410,318,419,995
23037,303.89,611,458,1,1,288,358,341,393,996
23044,3.03,386,386,1,0,508,339,508,339,997
23121,242.55,581,542,1,0,285,611,299,604,998
23197,295.51,536,475,0,0,298,403,321,414,999
23237,292.75,523,485,1,0,299,415,313,421,1000
23331,298.48,501,505,0,0,316,400,315,399,1001
23392,302.01,640,478,0,0,274,358,331,394,1002
23507,291.4,618,496,0,0,260,406,307,424,1003
23522,275.49,510,510,0,0,288,479,288,479,1004
23574,298.66,588,588,1,1,285,382,285,382,1005
23574,277.97,523,510,1,1,284,469,289,470,1006
23650,7.56,531,531,1,1,529,280,529,280,1007
23650,3.14,531,531,0,1,512,279,512,279,1008
23962,273.49,604,604,1,0,249,484,249,484,1009
25161,241.21,512,512,0,0,313,602,313,602,1010
25205,5.59,556,556,1,1,522,269,522,269,1011
25405,237.41,475,475,1,1,333,606,333,606,1012
25628,358.65,590,590,1,1,494,254,494,254,1013
25887,1.17,534,534,1,1,504,277,504,277,1014
25994,1.36,595,595,1,1,505,252,505,252,1015
26068,4.71,536,536,1,0,518,277,518,277,1016
26069,9.97,536,536,0,1,538,280,538,280,1017
26207,4.51,478,402,0,1,515,301,513,333,1018
26427,298.9,492,492,1,1,320,401,320,401,1019
26545,301.33,611,611,1,1,282,367,282,367,1020
26756,269.31,600,600,0,0,250,503,250,503,1021
27232,8.37,515,515,1,1,531,287,531,287,1022
27283,10.4,489,489,1,0,536,299,536,299,1023
27705,9.56,540,540,0,0,537,278,537,278,1024
27886,5.39,503,503,1,0,519,291,519,291,1025
28108,1.97,580,580,1,1,508,258,508,258,1026
28689,294.68,607,607,1,1,270,394,270,394,1027
28756,293.75,362,362,1,0,362,439,362,439,1028
28885,298.27,421,421,1,0,345,416,345,416,1029
28960,6.58,509,509,1,0,524,289,524,289,1030
29131,299.23,447,447,1,0,337,409,337,409,1031
29393,248.78,562,562,0,0,281,584,281,584,1032
29523,17.78,416,416,1,1,552,335,552,335,1033
29651,25.78,272,272,1,1,549,398,549,398,1034
29662,340.88,618,618,1,1,415,256,415,256,1035
29681,32.38,537,537,0,0,619,311,619,311,1036
29738,278.02,662,662,0,1,227,461,227,461,1037
29928,283.71,593,593,0,0,260,441,260,441,1038
30032,310.26,438,438,1,1,360,382,360,382,1039
30163,307.83,464,464,0,1,347,381,347,381,1040
30266,296.95,428,428,0,0,341,419,341,419,1041
31011,335.92,515,515,0,0,412,304,412,304,1042
31336,296.57,569,569,1,1,288,394,288,394,1043
31449,294.6,561,561,0,0,287,402,287,402,1044
31619,285.64,626,626,1,1,249,429,249,429,1045
31736,298.26,563,563,0,0,293,389,293,389,1046
31758,295.32,450,401,0,0,330,419,349,428,1047
32144,297.6,529,529,0,0,304,397,304,397,1048
32654,289.05,572,572,0,0,274,422,274,422,1049
32744,276.63,582,582,0,0,259,472,259,472,1050
32790,296.57,579,572,0,0,284,392,287,393,1051
32881,273.66,446,446,1,1,314,488,314,488,1052
32928,244.29,567,567,1,1,287,602,287,602,1053
32978,245.61,603,603,1,1,271,603,271,603,1054
33009,278.21,534,534,1,1,280,468,280,468,1055
33196,249.27,620,620,0,0,258,591,258,591,1056
33665,294.97,295,295,1,1,388,448,388,448,1057
33876,297.99,445,445,0,1,336,413,336,413,1058
33886,335.38,619,619,0,1,392,265,392,265,1059
33910,300.34,546,448,0,0,303,385,339,405,1060
34052,278.7,529,529,1,1,282,466,282,466,1061
34097,296.79,474,474,1,1,323,411,323,411,1062
34115,333.73,575,575,1,0,394,285,394,285,1063
34170,296.57,452,375,1,1,331,415,360,430,1064
34408,333.85,454,454,1,1,416,330,416,330,1065
34607,335.81,386,386,1,1,434,353,434,353,1066
34913,298.3,573,573,0,0,289,386,289,386,1067
35014,280.73,539,539,1,1,279,458,279,458,1068
35161,321.5,483,483,1,1,374,342,374,342,1069
35186,279.37,510,510,1,1,290,465,290,465,1070
35251,300.96,578,578,0,0,293,376,293,376,1071
35261,282.14,611,611,1,1,251,446,251,446,1072
35262,277.74,512,512,1,1,288,471,288,471,1073
35550,278.6,581,581,1,0,260,463,260,463,1074
35552,295.04,386,386,0,0,354,431,354,431,1075
35564,272.1,604,581,1,1,248,490,258,491,1076
35666,301.78,497,497,0,0,324,391,324,391,1077
35955,297.14,339,339,0,0,374,435,374,435,1078
36070,276.26,602,602,1,1,250,472,250,472,1079
36287,281.83,500,500,1,1,296,457,296,457,1080
36339,287.72,519,519,1,1,294,434,294,434,1081
36419,277.59,563,502,0,0,267,469,292,472,1082
36507,277.31,622,515,0,0,243,467,287,472,1083
36771,298.34,522,522,1,1,308,396,308,396,1084
37288,279.14,575,575,1,1,263,461,263,461,1085
37367,248.78,562,562,1,1,281,584,281,584,1086
37443,286.26,642,576,1,1,243,425,269,432,1087
37654,320.05,510,510,1,1,363,337,363,337,1088
37730,277.79,542,542,1,0,276,469,276,469,1089
37852,277.21,617,617,1,1,245,467,245,467,1090
37888,322.41,371,371,1,1,405,377,405,377,1091
38639,295.23,541,541,1,1,296,404,296,404,1092
39323,20.85,567,567,0,0,584,279,584,279,1093
39580,275.66,486,486,0,0,298,480,298,480,1094
40032,273.72,630,630,0,0,238,483,238,483,1095
40211,307.97,512,512,1,1,331,368,331,368,1096
40367,294.29,567,567,1,1,284,402,284,402,1097
40371,299.59,553,512,1,1,299,386,314,394,1098
42248,16.5,592,592,0,0,570,263,570,263,1099
43266,299.67,563,563,1,1,296,384,296,384,1100
43616,29.16,495,495,0,0,600,320,600,320,1101
44575,295.49,545,545,1,1,295,402,295,402,1102
45053,300.1,616,616,0,1,278,371,278,371,1103
45988,293.07,468,468,0,0,320,423,320,423,1104
46010,296.05,526,526,1,1,303,403,303,403,1105
46264,290.39,598,598,0,0,266,413,266,413,1106
46365,342.69,611,611,1,0,424,257,424,257,1107
46472,158.86,613,613,0,1,592,737,592,737,1108
46755,291.73,391,391,1,1,348,439,348,439,1109
46901,296.57,637,637,1,1,262,381,262,381,1110
47026,336.8,530,530,0,0,413,297,413,297,1111
47101,252.5,471,471,1,1,313,558,313,558,1112
47105,334.04,592,531,0,0,392,278,403,301,1113
47110,340.97,558,543,1,1,424,280,426,286,1114
47333,14.69,503,503,1,1,553,297,553,297,1115
47425,334.31,577,577,1,1,395,283,395,283,1116
47790,338.84,527,527,1,1,420,295,420,295,1117
48208,291.35,552,552,1,1,285,416,285,416,1118
48360,336.95,382,382,1,1,437,353,437,353,1119
48522,331.51,395,395,0,0,421,355,421,355,1120
48588,293.73,528,528,1,1,298,411,298,411,1121
48726,104.04,440,440,1,0,677,544,677,544,1122
48726,99.33,648,648,1,1,766,543,766,543,1123
48777,25.2,430,430,1,1,576,338,576,338,1124
48831,335.71,567,567,1,1,402,284,402,284,1125
48960,296.86,584,584,0,0,283,390,283,390,1126
48967,333.16,554,554,0,0,395,294,395,294,1127
48983,103.87,597,597,1,0,741,559,741,559,1128
49146,328.97,390,390,1,1,416,360,416,360,1129
49224,343.18,568,568,1,0,431,273,431,273,1130
49228,293.59,546,546,1,1,291,409,291,409,1131
49228,19.98,551,551,1,1,578,284,578,284,1132
49252,101.42,504,504,1,0,705,541,705,541,1133
49252,105.49,584,584,0,1,734,564,734,564,1134
49365,287.99,610,547,1,0,258,421,283,429,1135
49407,329.15,336,336,1,1,428,379,428,379,1136
49430,53.93,525,525,0,0,676,371,676,371,1137
49579,24.95,371,371,1,1,565,359,565,359,1138
49651,16.17,511,511,1,1,559,295,559,295,1139
49675,294.57,381,381,1,1,355,434,355,434,1140
49766,25.5,459,386,1,1,582,327,569,354,1141
49827,289.94,496,496,1,0,305,429,305,429,1142
49833,309.88,515,515,1,1,335,362,335,362,1143
49910,337.82,487,487,1,1,423,312,423,312,1144
50041,336.16,550,550,0,0,407,290,407,290,1145
50092,24.66,498,498,0,0,586,311,586,311,1146
50095,6.16,517,517,1,1,523,286,523,286,1147
50109,291.67,595,595,1,0,269,408,269,408,1148
50142,284.53,486,486,1,1,304,449,304,449,1149
50160,23.88,425,362,1,1,571,338,560,362,1150
50198,332.94,514,428,1,1,402,309,418,341,1151
50227,292.91,507,432,1,1,305,417,334,429,1152
50281,25.13,569,444,1,1,600,285,578,332,1153
50297,289.01,545,525,1,1,285,426,293,428,1154
50386,288.08,515,425,1,1,296,433,331,445,1155
50454,162.79,117,117,1,0,514,546,514,546,1156
50536,284.34,554,554,0,0,276,442,276,442,1157
50571,291.92,574,574,1,1,278,410,278,410,1158
50573,288.75,475,404,1,1,312,436,340,445,1159
50584,25.23,541,541,0,0,595,296,595,296,1160
50692,288.12,473,391,1,1,312,438,345,449,1161
50867,346.5,630,630,0,0,438,245,438,245,1162
50958,292.53,520,520,1,1,300,417,300,417,1163
51104,337.83,578,578,1,1,409,277,409,277,1164
51203,298.26,563,563,1,1,293,389,293,389,1165
51214,288.07,527,527,1,1,291,431,291,431,1166
51244,326.57,451,393,1,0,396,343,409,363,1167
51246,293.96,621,564,0,0,263,395,285,404,1168
51344,306.45,493,419,1,1,334,378,359,396,1169
51469,340.13,443,443,1,1,437,326,437,326,1170
51553,341.98,579,579,1,1,425,270,425,270,1171
51680,340.44,611,611,0,0,414,260,414,260,1172
51683,295.28,617,617,0,0,267,390,267,390,1173
51684,293.9,583,583,1,1,278,401,278,401,1174
51697,349.38,535,453,1,1,458,281,465,314,1175
51792,144.29,621,621,1,1,650,709,650,709,1176
51793,133.03,604,604,1,1,683,671,683,671,1177
51981,322.0,456,456,1,1,383,350,383,350,1178
51992,347.96,633,633,1,1,445,242,445,242,1179
52068,292.17,578,578,0,0,277,409,277,409,1180
52147,339.74,569,478,1,1,417,277,431,313,1181
52167,276.26,602,602,1,1,250,472,250,472,1182
52261,293.82,594,594,1,0,273,400,273,400,1183
52298,25.02,601,601,1,1,605,273,605,273,1184
52349,268.73,567,567,1,1,264,505,264,505,1185
52367,337.12,356,356,1,1,442,363,442,363,1186
52536,340.22,547,547,1,0,422,285,422,285,1187
52570,339.27,620,620,1,1,408,258,408,258,1188
52809,307.12,555,555,1,1,315,360,315,360,1189
53162,337.72,568,568,0,0,410,281,410,281,1190
53198,296.03,543,543,0,0,296,400,296,400,1191
53362,25.15,333,333,1,1,558,374,558,374,1192
53523,259.48,665,665,1,1,227,550,227,550,1193
53544,22.04,564,564,0,1,588,282,588,282,1194
53618,21.35,552,552,1,1,583,285,583,285,1195
53733,291.14,613,613,0,0,262,407,262,407,1196
53793,334.01,571,571,1,1,395,286,395,286,1197
53811,26.35,469,469,1,0,586,325,586,325,1198
53842,336.45,589,571,0,0,402,275,405,282,1199
53916,252.22,487,487,1,1,306,561,306,561,1200
53920,26.95,423,423,1,1,579,343,579,343,1201
53963,27.15,577,472,1,1,609,286,589,325,1202
54031,24.29,567,492,0,0,597,284,584,313,1203
54196,28.61,577,507,1,0,615,289,601,314,1204
54488,332.89,548,548,0,0,396,296,396,296,1205
54504,334.92,512,512,1,1,409,306,409,306,1206
54676,25.75,548,548,1,0,599,294,599,294,1207
54794,311.88,377,377,1,1,383,395,383,395,1208
55006,336.53,409,409,1,1,432,343,432,343,1209
55007,311.01,455,455,0,0,357,375,357,375,1210
55081,337.03,527,413,1,1,414,298,432,341,1211
55201,272.1,494,494,1,0,294,492,294,492,1212
55205,248.2,611,611,0,0,263,594,263,594,1213
55744,289.65,511,511,1,1,299,428,299,428,1214
55748,237.38,571,571,0,0,299,628,299,628,1215
55825,342.41,585,585,1,0,426,267,426,267,1216
55939,291.67,595,595,1,1,269,408,269,408,1217
55983,25.82,514,514,1,1,593,307,593,307,1218
56069,14.85,586,586,1,1,562,264,562,264,1219
56088,250.52,581,581,0,0,271,580,271,580,1220
56184,18.87,597,586,1,0,580,264,578,269,1221
56249,23.82,594,588,1,1,599,273,598,276,1222
56319,295.37,438,438,1,1,335,421,335,421,1223
56330,329.25,559,559,1,1,381,300,381,300,1224
56449,311.02,428,428,0,0,365,383,365,383,1225
56764,297.0,470,470,1,1,325,411,325,411,1226
57190,329.42,518,518,1,1,390,314,390,314,1227
57201,344.12,459,459,1,1,447,316,447,316,1228
57361,334.92,512,421,1,0,409,306,425,341,1229
57377,5.97,583,583,1,1,525,258,525,258,1230
57567,332.0,569,569,1,1,388,290,388,290,1231
57616,343.01,641,641,0,0,422,244,422,244,1232
57634,330.77,541,449,0,0,390,303,408,336,1233
57713,331.07,581,547,0,1,383,288,389,300,1234
57777,292.98,420,420,1,1,339,431,339,431,1235
57917,330.52,506,506,1,1,396,316,396,316,1236
57939,289.89,526,526,1,0,294,425,294,425,1237
58096,289.03,558,558,0,0,280,424,280,424,1238
58166,142.52,480,480,1,0,621,658,621,658,1239
58202,334.18,514,514,1,0,406,307,406,307,1240
58503,240.2,465,465,1,0,332,596,332,596,1241
58876,337.33,587,587,1,0,405,274,405,274,1242
59196,291.71,489,489,1,1,310,424,310,424,1243
59428,328.7,582,582,0,0,374,293,374,293,1244
59509,290.36,514,514,1,1,299,425,299,425,1245
59553,327.23,514,434,1,1,384,320,402,348,1246
59694,298.81,561,561,0,0,295,387,295,387,1247
59851,288.85,346,346,1,1,363,453,363,453,1248
59853,138.01,229,229,1,1,563,570,563,570,1249
60012,139.74,120,120,1,1,532,538,532,538,1250
60333,270.62,554,554,0,0,269,497,269,497,1251
60615,24.39,603,603,0,0,603,271,603,271,1252
60685,324.87,530,530,1,0,373,319,373,319,1253
60971,28.03,579,579,0,0,613,287,613,287,1254
61380,327.89,460,460,0,0,398,337,398,337,1255
61493,346.26,555,555,1,1,445,275,445,275,1256
61766,29.74,573,573,0,0,618,292,618,292,1257
61919,333.72,565,565,1,0,395,289,395,289,1258
62139,24.74,484,484,0,0,584,317,584,317,1259
62485,340.18,561,561,1,1,420,280,420,280,1260
62633,343.35,522,522,1,1,437,291,437,291,1261
62776,328.77,492,492,1,1,393,324,393,324,1262
62982,24.98,537,537,1,1,594,297,594,297,1263
63204,345.28,518,518,1,0,445,291,445,291,1264
63254,332.1,541,541,1,1,394,300,394,300,1265
63372,327.06,592,592,1,1,366,293,366,293,1266
63965,341.37,550,550,0,1,426,283,426,283,1267
64408,343.07,460,460,1,0,444,316,444,316,1268
64808,333.43,493,493,0,0,408,316,408,316,1269
65116,339.06,582,582,1,0,413,273,413,273,1270
65273,5.33,465,465,0,0,517,307,517,307,1271
65303,342.73,628,628,1,1,422,250,422,250,1272
66049,345.96,546,546,0,0,444,279,444,279,1273
66111,349.54,699,699,1,1,447,213,447,213,1274
66320,329.7,515,515,1,1,391,314,391,314,1275
66557,108.91,478,478,0,1,688,564,688,564,1276
66682,275.91,578,578,1,1,260,475,260,475,1277
66851,34.2,549,549,1,1,628,310,628,310,1278
66928,345.07,553,553,1,0,440,277,440,277,1279
67201,337.69,593,593,0,0,406,271,406,271,1280
67237,331.77,498,498,1,1,401,317,401,317,1281
67638,331.24,552,552,1,0,389,298,389,298,1282
67848,333.9,494,494,0,0,409,315,409,315,1283
67980,346.95,594,594,1,1,444,259,444,259,1284
68143,332.46,429,429,1,1,417,341,417,341,1285
68281,25.08,512,512,1,1,590,306,590,306,1286
68482,329.04,397,397,0,0,414,358,414,358,1287
68492,13.2,599,599,0,0,556,257,556,257,1288
68613,335.68,478,400,0,0,418,318,431,348,1289
68750,348.21,554,554,1,1,452,274,452,274,1290
68797,329.59,502,502,0,0,394,319,394,319,1291
68855,346.72,648,648,1,0,438,237,438,237,1292
68878,17.76,497,497,1,1,563,302,563,302,1293
68897,335.82,500,410,1,1,414,310,430,344,1294
68899,331.44,567,502,0,0,387,292,400,316,1295
68957,329.84,587,515,1,1,377,288,392,314,1296
68959,347.82,567,567,1,1,450,269,450,269,1297
68995,344.88,633,633,1,0,431,245,431,245,1298
69177,341.16,568,568,0,1,423,276,423,276,1299
69195,341.35,593,593,1,0,421,266,421,266,1300
69246,342.9,545,451,1,1,433,283,444,320,1301
69311,334.59,573,550,1,1,397,284,401,293,1302
69382,327.85,450,388,1,1,400,341,414,363,1303
69421,246.57,534,534,1,1,296,588,296,588,1304
69464,330.85,354,312,1,1,428,371,436,386,1305
69487,333.04,434,380,1,1,418,338,428,359,1306
69544,344.58,566,395,1,1,437,272,456,341,1307
69627,359.36,571,571,0,1,497,262,497,262,1308
69636,351.06,566,428,1,1,463,267,472,324,1309
69638,355.33,533,533,1,1,481,278,481,278,1310
69645,350.05,473,453,0,1,465,306,467,314,1311
69846,349.77,653,653,1,0,451,232,451,232,1312
69971,346.35,660,660,1,1,435,233,435,233,1313
69982,326.77,512,512,0,0,383,321,383,321,1314
70312,347.4,580,580,1,0,447,264,447,264,1315
70596,349.63,598,598,1,1,455,255,455,255,1316
70789,328.13,432,432,1,0,405,347,405,347,1317
70863,331.93,519,519,0,0,398,309,398,309,1318
70926,351.98,662,662,1,1,461,227,461,227,1319
70956,326.15,531,435,1,1,376,316,399,349,1320
71183,327.76,431,431,1,1,404,348,404,348,1321
71261,329.29,468,468,1,0,400,332,400,332,1322
71533,330.4,522,522,1,1,392,311,392,311,1323
71541,293.43,432,432,1,1,335,428,335,428,1324
71580,302.21,466,466,1,1,335,396,335,396,1325
71648,298.89,428,352,1,1,344,413,371,429,1326
71684,330.33,563,522,0,0,384,296,392,311,1327
71700,302.28,484,430,1,1,329,392,348,404,1328
71790,298.3,514,442,1,1,311,398,338,412,1329
71912,336.1,583,583,0,0,401,278,401,278,1330
71938,306.34,498,498,1,0,333,377,333,377,1331
71973,329.79,561,464,1,1,382,298,402,333,1332
71996,344.05,547,452,1,0,437,281,448,319,1333
71999,301.94,526,526,1,1,314,384,314,384,1334
72095,305.33,538,538,0,0,317,370,317,370,1335
72119,332.98,484,409,1,1,408,320,422,348,1336
72220,306.25,486,486,1,1,336,380,336,380,1337
72347,300.89,418,418,1,0,350,410,350,410,1338
72412,329.53,466,466,1,1,401,332,401,332,1339
72455,300.05,467,420,1,1,331,402,348,412,1340
72629,262.38,439,439,1,1,318,524,318,524,1341
72640,303.13,480,480,1,1,332,390,332,390,1342
72721,334.63,500,500,0,0,410,311,410,311,1343
72788,338.44,580,580,1,1,411,275,411,275,1344
72878,333.43,500,500,0,0,406,313,406,313,1345
73112,236.47,528,528,0,0,316,621,316,621,1346
73238,336.34,537,537,1,0,410,295,410,295,1347
73240,342.62,459,459,1,0,442,317,442,317,1348
73294,328.96,415,363,0,1,410,351,422,370,1349
73302,327.3,482,441,0,0,391,331,400,345,1350
73407,354.96,517,517,0,1,481,285,481,285,1351
73410,352.87,509,509,0,1,473,289,473,289,1352
73430,343.57,608,519,1,0,428,257,438,292,1353
73466,347.12,499,416,1,0,453,297,461,331,1354
73477,354.16,574,507,1,0,475,262,478,290,1355
73518,350.07,609,521,1,0,456,250,462,286,1356
73519,351.87,591,538,1,1,465,256,468,278,1357
73523,356.57,526,435,1,0,486,281,489,319,1358
73550,355.08,553,530,1,0,480,270,481,280,1359
73557,349.88,588,535,1,0,456,259,460,280,1360
73594,350.75,580,546,1,0,461,261,463,275,1361
73622,353.14,495,446,1,0,475,295,477,315,1362
73675,20.38,485,485,1,0,570,310,570,310,1363
73681,326.73,476,476,1,0,391,334,391,334,1364
73734,325.28,379,379,1,0,410,370,410,370,1365
73798,349.81,565,543,1,0,458,268,460,277,1366
73837,15.2,595,487,0,0,564,260,553,304,1367
73846,333.76,619,479,1,1,386,268,411,321,1368
73929,22.98,255,255,0,0,541,402,541,402,1369
74033,102.53,600,600,1,1,743,554,743,554,1370
74470,340.14,476,476,1,1,432,313,432,313,1371
74616,330.15,408,408,1,1,415,352,415,352,1372
74634,276.93,645,645,1,0,233,467,233,467,1373
74656,331.43,517,517,0,0,397,310,397,310,1374
74710,333.43,479,479,0,0,410,321,410,321,1375
74720,330.17,583,518,1,1,379,289,392,312,1376
74767,330.46,415,361,1,1,414,349,425,369,1377
74782,326.31,510,440,0,0,382,323,398,347,1378
74809,330.39,494,453,1,1,398,321,406,336,1379
74811,335.65,511,462,0,0,412,306,420,324,1380
74955,326.16,505,471,1,1,382,325,390,337,1381
74978,331.48,509,478,0,0,398,313,404,325,1382
75003,325.12,459,381,1,1,390,343,409,369,1383
75003,331.48,509,465,1,1,398,313,407,329,1384
75042,336.09,504,467,1,1,414,308,421,322,1385
75050,330.41,553,462,0,0,386,299,405,332,1386
75110,322.34,472,393,0,0,379,344,400,370,1387
75137,321.73,477,392,0,0,377,344,398,371,1388
75171,248.33,595,595,0,0,269,591,269,591,1389
75193,336.89,571,458,0,0,406,281,425,324,1390
75265,329.83,528,477,1,1,389,309,400,328,1391
75266,248.68,576,576,1,1,276,587,276,587,1392
75287,333.05,428,401,1,1,419,341,424,351,1393
75297,326.98,544,471,0,0,376,310,393,335,1394
75307,330.67,519,479,0,0,394,311,402,326,1395
75321,336.95,518,479,1,1,415,301,421,316,1396
75407,329.24,535,476,1,1,386,308,398,329,1397
75457,327.72,484,399,1,1,392,329,411,359,1398
75520,328.04,438,394,0,0,403,345,413,360,1399
75534,337.38,563,470,1,1,409,283,424,319,1400
75553,17.53,462,462,1,1,557,316,557,316,1401
75575,333.43,446,398,1,1,416,333,425,351,1402
75589,107.07,463,463,1,0,684,556,684,556,1403
75656,328.2,468,393,1,1,397,334,413,360,1404
75659,331.0,546,463,0,0,389,301,406,331,1405
75777,329.17,400,399,0,0,414,357,414,357,1406
75781,330.31,412,398,1,0,415,351,417,356,1407
75783,269.17,679,679,1,1,217,504,217,504,1408
75843,338.2,584,462,0,0,409,274,428,321,1409
75875,327.62,537,475,0,0,380,311,394,333,1410
75893,330.79,503,491,1,1,397,317,400,321,1411
75911,326.65,547,491,1,1,374,309,387,329,1412
75926,243.96,534,534,1,1,300,597,300,597,1413
75948,338.63,531,494,1,1,419,294,425,308,1414
75959,330.08,454,415,1,1,405,336,413,350,1415
76015,334.31,577,484,0,0,395,283,412,318,1416
76073,334.68,516,506,0,0,408,305,409,309,1417
76164,267.27,594,594,1,1,253,511,253,511,1418
76175,345.41,640,485,1,1,432,242,449,304,1419
76192,330.55,535,517,1,1,390,306,394,312,1420
76198,328.51,551,520,1,1,380,304,386,315,1421
76291,354.85,454,454,1,1,483,311,483,311,1422
76310,329.1,381,444,1,0,418,363,405,341,1423
76310,330.38,469,436,0,0,403,330,410,342,1424
76322,349.19,564,564,0,1,455,269,455,269,1425
76354,351.65,491,455,1,1,470,297,472,312,1426
76372,355.85,449,370,0,1,486,313,488,346,1427
76374,351.12,537,454,1,0,465,279,470,313,1428
76387,275.19,698,698,0,0,210,473,210,473,1429
76394,359.41,538,538,0,1,497,276,497,276,1430
76401,348.15,601,471,1,1,448,255,459,308,1431
76414,356.19,566,496,0,1,484,264,486,293,1432
76429,350.99,599,511,1,1,460,253,466,289,1433
76437,330.26,458,437,1,1,405,334,409,342,1434
76520,326.89,492,433,1,1,388,328,401,349,1435
76598,346.84,620,528,1,1,441,248,449,285,1436
76627,332.72,502,428,1,1,404,314,418,341,1437
76686,350.54,561,546,0,1,461,269,462,275,1438
76712,266.95,642,642,0,0,233,514,233,514,1439
76720,329.44,540,517,0,0,385,306,390,314,1440
76938,355.14,548,548,0,1,480,272,480,272,1441
76963,356.33,625,625,1,0,483,240,483,240,1442
76973,335.8,536,520,1,0,408,296,411,302,1443
76992,331.59,487,432,1,1,403,321,414,341,1444
76998,356.35,549,548,1,0,485,271,485,272,1445
77014,326.47,528,522,1,1,378,316,379,318,1446
77019,352.94,505,445,1,0,474,291,477,316,1447
77039,354.64,540,540,0,1,479,276,479,276,1448
77058,270.0,576,576,1,0,260,500,260,500,1449
77175,353.29,587,536,1,0,471,257,473,278,1450
77191,344.8,595,534,1,0,435,260,441,285,1451
77219,357.34,585,537,0,1,488,256,489,276,1452
77225,353.86,552,545,0,1,475,271,475,274,1453
77228,358.62,599,534,0,1,493,250,494,277,1454
77260,354.59,544,452,1,0,478,274,482,312,1455
77272,355.24,593,546,1,0,479,254,481,273,1456
77285,350.35,521,452,0,1,463,286,468,314,1457
77292,358.25,534,451,1,0,493,277,494,312,1458
77313,330.89,524,523,1,1,393,309,394,309,1459
77324,354.81,490,455,1,0,481,296,482,311,1460
77378,349.29,482,456,1,0,462,302,464,313,1461
77398,353.22,520,449,0,1,474,285,477,314,1462
77416,329.22,493,431,1,1,394,323,408,345,1463
77420,344.28,501,430,0,1,443,299,451,327,1464
77439,352.95,535,446,1,0,472,278,477,315,1465
77443,352.67,519,442,1,0,472,285,476,317,1466
77492,353.75,395,438,0,1,482,336,480,318,1467
77531,335.03,612,506,1,1,392,269,411,309,1468
77560,354.67,465,432,0,1,482,307,483,320,1469
77600,345.51,559,524,1,0,441,274,445,288,1470
77701,327.6,452,442,1,1,399,341,401,344,1471
77757,341.57,620,510,1,1,418,255,432,298,1472
77796,346.72,648,492,1,1,438,237,452,300,1473
77920,324.01,512,437,0,0,374,327,393,352,1474
77928,333.68,513,439,1,1,405,308,418,336,1475
77994,346.94,668,487,0,1,437,229,454,302,1476
77999,325.62,558,542,0,0,368,308,372,313,1477
78131,343.89,551,544,1,1,436,279,437,282,1478
78144,328.24,531,446,0,0,383,312,402,342,1479
78168,330.82,575,535,0,0,383,291,391,305,1480
78208,338.48,486,450,1,1,425,311,431,325,1481
78246,349.34,583,510,0,1,455,261,460,291,1482
78266,356.42,614,501,1,0,484,244,486,291,1483
78286,330.55,535,446,0,1,390,306,408,338,1484
78357,345.96,582,547,1,0,441,264,444,279,1485
78433,346.61,583,513,0,1,443,263,450,292,1486
78461,353.8,556,543,0,1,474,269,475,275,1487
78517,22.22,633,633,1,0,599,256,599,256,1488
78682,352.5,633,525,0,0,465,238,471,283,1489
78718,337.65,537,453,0,1,415,293,428,325,1490
78788,298.66,588,588,1,0,285,382,285,382,1491
78788,297.22,622,622,0,0,269,381,269,381,1492
78997,95.97,583,583,1,0,741,525,741,525,1493
79073,330.85,463,451,1,1,406,331,408,336,1494
79084,252.38,570,570,1,1,273,571,273,571,1495
79234,331.84,484,444,1,1,404,322,412,337,1496
79298,349.16,543,543,1,0,457,278,457,278,1497
79301,329.25,559,530,0,0,381,300,387,310,1498
79490,330.33,563,529,1,0,384,296,391,308,1499
79573,336.97,433,448,1,1,429,334,427,328,1500
79595,347.24,496,496,1,0,454,298,454,298,1501
79640,325.82,534,432,1,1,375,316,398,351,1502
79660,330.26,436,427,1,1,409,342,411,345,1503
79673,331.35,452,420,1,1,409,334,416,346,1504
79676,273.58,614,614,1,1,244,484,244,484,1505
79737,327.48,546,501,0,0,377,308,387,324,1506
79776,329.29,468,422,1,1,400,332,410,348,1507
79778,340.95,572,495,0,0,422,274,432,305,1508
79852,332.13,532,504,0,0,396,304,401,314,1509
79877,320.0,380,411,1,0,398,378,390,368,1510
79931,331.21,443,401,1,0,411,338,419,353,1511
79950,323.84,539,479,0,0,367,318,382,339,1512
80006,334.03,581,465,1,1,394,282,415,325,1513
80099,351.87,591,591,1,1,465,256,465,256,1514
80133,326.01,500,483,1,1,383,327,387,333,1515
80187,330.95,515,480,0,0,395,312,402,325,1516
80198,345.11,606,460,1,1,435,256,450,314,1517
80272,240.43,462,462,0,0,332,594,332,594,1518
80364,338.51,522,496,1,1,420,297,424,307,1519
80453,330.95,555,506,0,0,387,298,397,315,1520
80472,283.39,583,583,0,0,263,443,263,443,1521
80505,325.28,413,423,1,1,402,358,399,355,1522
80541,327.07,509,503,1,1,384,322,386,324,1523
80542,323.01,540,496,1,0,364,320,375,335,1524
80549,326.48,557,492,0,0,371,306,386,329,1525
80573,332.9,539,496,0,0,397,300,405,316,1526
80579,327.38,571,489,0,1,371,299,390,328,1527
80588,346.87,556,556,1,1,447,274,447,274,1528
80702,352.45,596,596,0,0,467,254,467,254,1529
80795,331.46,435,407,0,0,413,340,419,351,1530
80837,292.07,616,616,1,1,262,403,262,403,1531
80849,12.86,548,548,0,1,550,277,550,277,1532
80855,346.1,527,444,0,1,447,287,455,320,1533
80867,296.85,573,478,0,0,287,392,322,410,1534
80937,329.53,532,495,1,1,387,309,395,322,1535
80951,307.92,460,460,1,1,348,382,348,382,1536
80990,9.81,604,549,0,1,542,252,538,274,1537
80991,333.43,541,494,1,1,399,298,408,316,1538
81000,346.26,555,541,1,1,445,275,446,281,1539
81019,349.99,584,544,1,0,457,260,460,277,1540
81066,347.76,496,417,1,1,456,298,463,330,1541
81073,332.68,517,499,1,1,401,308,404,315,1542
81084,348.0,606,509,0,1,447,253,455,292,1543
81084,348.45,546,527,1,1,454,277,456,285,1544
81127,345.53,542,531,1,0,443,281,444,285,1545
81146,346.82,479,402,0,0,454,305,461,337,1546
81147,326.47,528,497,1,1,378,316,385,327,1547
81199,328.34,408,420,0,0,410,355,408,351,1548
81237,355.53,474,392,1,0,484,303,487,337,1549
81263,331.62,530,501,1,1,395,305,400,316,1550
81279,329.3,486,423,1,1,396,326,410,348,1551
81288,352.17,611,477,1,1,465,248,472,303,1552
81295,329.44,540,507,1,0,385,306,392,318,1553
81296,307.02,383,383,1,1,372,404,372,404,1554
81320,294.68,455,455,1,1,327,420,327,420,1555
81330,345.23,549,508,0,1,441,279,446,295,1556
81351,350.82,525,490,0,0,465,284,467,298,1557
81359,349.53,552,484,1,1,458,274,463,301,1558
81366,330.41,553,507,1,1,386,299,395,316,1559
81454,345.82,534,511,1,1,445,284,447,293,1560
81463,140.22,183,183,1,1,548,558,548,558,1561
81464,327.76,39,460,1,0,491,486,397,338,1562
81566,322.49,447,419,1,1,386,352,393,361,1563
81573,330.05,419,415,1,1,412,348,413,350,1564
81583,300.96,606,606,1,1,283,370,283,370,1565
81629,323.53,306,401,1,0,424,397,400,365,1566
81651,325.22,577,441,1,1,363,302,395,349,1567
81720,350.93,545,486,1,1,464,275,468,300,1568
81722,331.43,440,384,1,1,412,339,423,359,1569
81799,116.8,496,496,0,1,684,593,684,593,1570
81878,324.27,409,386,1,1,400,361,406,369,1571
82079,325.84,521,453,1,1,378,320,394,343,1572
82087,328.72,556,447,0,0,379,302,403,340,1573
82128,334.44,519,459,1,1,406,305,417,327,1574
82133,328.27,570,467,0,0,375,298,397,334,1575
82158,326.61,507,482,1,1,383,323,389,332,1576
82169,140.55,144,144,1,1,538,546,538,546,1577
82202,334.11,477,400,0,0,413,321,427,350,1578
82215,322.55,465,401,1,1,382,346,398,367,1579
82221,323.13,476,400,0,0,381,341,400,366,1580
82251,322.07,584,466,0,0,350,308,380,347,1581
82277,331.89,527,485,1,1,396,306,404,321,1582
82278,333.43,516,495,1,1,403,307,407,315,1583
82278,353.13,597,597,1,0,470,253,470,253,1584
82282,343.38,673,461,0,0,419,231,445,316,1585
82351,330.85,463,413,1,1,406,331,416,349,1586
82354,327.3,482,412,1,1,391,331,407,355,1587
82360,349.49,531,531,1,1,459,282,459,282,1588
82361,352.69,622,597,1,1,467,243,468,253,1589
82361,345.78,622,602,0,1,436,249,438,257,1590
82408,324.37,412,418,1,1,400,360,398,358,1591
82421,329.57,555,491,1,1,382,300,396,323,1592
82454,335.35,552,497,1,1,404,291,413,311,1593
82454,353.19,422,379,1,1,479,325,481,343,1594
82475,326.46,515,509,0,0,381,321,382,323,1595
82535,350.85,462,459,1,0,469,310,469,311,1596
82545,325.62,475,419,1,1,388,336,401,356,1597
82554,331.7,514,506,0,0,398,311,400,314,1598
82621,329.9,616,483,0,0,371,278,399,326,1599
82637,324.4,497,417,1,1,379,331,398,358,1600
82645,356.1,575,462,0,1,483,261,486,308,1601
82707,324.33,509,508,0,0,376,327,376,328,1602
82762,330.55,535,508,0,0,390,306,396,315,1603
82775,330.86,436,419,1,1,411,341,415,347,1604
82788,348.47,526,483,1,1,456,285,459,303,1605
82799,351.96,586,493,1,0,465,258,471,296,1606
82937,331.63,480,415,1,1,405,324,417,348,1607
82945,352.95,568,511,0,0,470,265,473,288,1608
82968,331.1,492,414,1,1,401,320,416,349,1609
82986,350.54,561,522,1,1,461,269,464,285,1610
83076,331.2,313,430,1,1,437,385,413,343,1611
83088,276.67,628,628,1,1,240,469,240,469,1612
83156,337.73,480,415,1,1,424,315,434,340,1613
83165,330.41,553,498,1,0,386,299,397,319,1614
83197,347.25,584,502,0,0,446,262,453,296,1615
83214,277.55,596,596,1,1,254,467,254,467,1616
83338,357.98,590,525,1,0,491,254,492,281,1617
83358,331.16,520,502,1,1,395,310,399,316,1618
83378,327.7,515,514,1,1,385,318,385,319,1619
83435,338.44,580,514,1,1,411,275,421,301,1620
83474,326.69,596,510,1,1,363,292,383,322,1621
83477,275.57,603,603,1,0,250,475,250,475,1622
83496,353.29,587,526,1,1,471,257,474,282,1623
83497,355.66,587,526,0,1,481,256,483,281,1624
83531,340.87,513,433,1,1,430,298,440,329,1625
83614,355.43,641,514,1,0,478,234,482,286,1626
83877,286.96,586,586,1,0,266,428,266,428,1627
83943,274.92,553,553,0,0,270,480,270,480,1628
83979,345.17,671,515,1,0,428,229,445,292,1629
83986,300.6,498,424,1,1,321,394,348,410,1630
83997,350.88,604,537,1,1,460,251,464,279,1631
84065,289.82,561,516,1,1,280,420,297,427,1632
84141,355.7,553,553,1,1,482,270,482,270,1633
84150,335.66,557,557,1,1,404,288,404,288,1634
84211,279.19,415,415,0,0,329,472,329,472,1635
84266,281.47,670,670,0,1,226,444,226,444,1636
84289,328.83,547,450,1,1,382,305,403,339,1637
84431,279.66,544,544,0,0,276,462,276,462,1638
84466,331.0,546,546,1,1,389,301,389,301,1639
84486,343.53,461,461,1,0,445,315,445,315,1640
84504,281.02,623,623,0,0,245,450,245,450,1641
84549,286.63,613,613,1,0,255,426,255,426,1642
84597,280.77,400,369,1,0,336,468,349,471,1643
84613,287.05,623,449,1,0,252,423,321,445,1644
84660,334.23,539,539,0,0,402,297,402,297,1645
84675,354.52,652,652,1,1,474,229,474,229,1646
84677,330.5,579,540,0,0,381,290,389,304,1647
84734,28.22,554,554,1,1,609,296,609,296,1648
84835,285.38,600,600,1,1,259,433,259,433,1649
84883,291.09,642,642,1,0,250,403,250,403,1650
84951,350.54,561,561,1,0,461,269,461,269,1651
84991,303.18,553,470,1,0,307,374,336,392,1652
85009,328.84,524,524,1,1,387,313,387,313,1653
85086,303.0,474,474,1,1,334,392,334,392,1654
85092,351.5,497,419,1,0,469,295,474,327,1655
85105,6.07,548,548,1,1,524,273,524,273,1656
85129,323.53,349,318,1,1,413,383,421,393,1657
85169,287.1,495,495,1,0,303,439,303,439,1658
85200,281.07,551,551,1,1,274,455,274,455,1659
85234,329.88,551,390,1,0,384,301,418,359,1660
85236,324.4,528,421,1,0,372,321,397,357,1661
85253,29.21,503,503,0,1,602,317,602,317,1662
85260,294.93,624,497,1,1,264,390,312,412,1663
85268,322.99,355,306,0,0,411,381,423,398,1664
85325,357.73,444,444,1,0,492,315,492,315,1665
85338,330.19,489,489,0,0,398,323,398,323,1666
85375,329.26,585,380,1,0,375,290,419,364,1667
85420,321.4,397,329,1,0,396,370,414,392,1668
85465,277.13,573,573,0,0,263,470,263,470,1669
85505,352.72,547,547,0,0,471,274,471,274,1670
85508,337.72,568,568,1,1,410,281,410,281,1671
85575,281.03,460,398,1,1,312,463,337,468,1672
85587,328.82,412,401,1,1,411,353,413,357,1673
85602,326.77,512,407,0,1,383,321,407,358,1674
85618,296.81,503,503,0,0,313,405,313,405,1675
85630,274.32,504,483,0,0,290,484,299,484,1676
85665,331.89,527,400,1,1,396,306,421,353,1677
85705,331.57,450,446,0,0,410,335,411,336,1678
85827,1.45,620,620,1,1,506,242,506,242,1679
85829,289.18,536,536,0,0,289,426,289,426,1680
85869,356.14,570,477,0,0,484,263,486,301,1681
85878,325.84,521,521,1,1,378,320,378,320,1682
85930,327.75,529,459,0,0,382,313,398,338,1683
85973,352.07,452,394,0,0,474,313,477,337,1684
86045,343.84,487,487,0,0,443,305,443,305,1685
86064,294.3,519,519,0,0,303,411,303,411,1686
86076,279.33,648,648,1,0,233,456,233,456,1687
86137,329.82,481,481,0,0,399,326,399,326,1688
86163,278.56,550,550,1,1,273,465,273,465,1689
86180,286.86,514,514,1,1,295,437,295,437,1690
86181,291.33,483,402,0,1,312,426,344,439,1691
86189,286.14,77,147,0,0,469,491,441,482,1692
86212,278.13,627,204,1,0,241,463,415,487,1693
86215,328.7,582,465,1,1,374,293,399,334,1694
86219,352.6,628,489,0,0,466,240,473,298,1695
86246,277.33,669,284,1,1,223,464,382,484,1696
86248,329.55,384,368,1,1,419,362,422,367,1697
86254,285.02,590,354,1,0,262,436,357,461,1698
86353,331.31,497,411,0,0,400,318,417,349,1699
86387,287.93,664,402,1,0,237,414,340,448,1700
86397,357.3,441,373,1,0,491,316,492,344,1701
86397,357.3,441,373,1,0,491,316,492,344,1702
